player_id,player,draft_year,rookie_season,age,height_in,weight_lbs,position,games,minutes,mpg,usg_pct,pts,reb,ast,stl,blk,tov,fga,fgm,fg_pct,fg3a,fg3m,fg3_pct,fta,ftm,ft_pct,ftr,off_rating,def_rating,net_rating,pace,bpm,vorp
2030,Kenyon Martin,2000,2001,,81.0,225.0,Forward,68,2273.3233333333333,33.43122549019608,,814,502,131,78,113,138,777,346,0.445,11,1,0.091,192,121,0.63,0.2471042471042471,,,,,,
2031,Stromile Swift,2000,2001,,82.0,220.0,Forward-Center,80,1313.22,16.41525,,391,284,28,62,82,64,339,153,0.451,4,0,0.0,141,85,0.603,0.415929203539823,,,,,,
2032,Darius Miles,2000,2001,,81.0,235.0,Forward,81,2139.1633333333334,26.409423868312757,,761,477,99,51,125,147,630,318,0.505,19,1,0.053,238,124,0.521,0.37777777777777777,,,,,,
2033,Marcus Fizer,2000,2001,,,,,72,1581.3533333333332,21.96324074074074,,683,313,76,30,19,124,646,278,0.43,39,10,0.256,161,117,0.727,0.24922600619195046,,,,,,
2034,Mike Miller,2000,2001,,80.0,218.0,Guard-Forward,82,2388.935,29.133353658536585,,975,327,140,51,19,97,845,368,0.436,364,148,0.407,128,91,0.711,0.1514792899408284,,,,,,
2035,DerMarr Johnson,2000,2001,,81.0,210.0,Forward-Guard,78,1309.915,16.79378205128205,,397,178,64,43,30,93,390,146,0.374,127,41,0.323,87,64,0.736,0.2230769230769231,,,,,,
2037,Jamal Crawford,2000,2001,,77.0,200.0,Guard,61,1046.6216666666667,17.15773224043716,,282,89,141,43,14,85,304,107,0.352,117,41,0.35,34,27,0.794,0.1118421052631579,,,,,,
2042,Courtney Alexander,2000,2001,,77.0,205.0,Guard,65,1373.9116666666666,21.137102564102562,,618,143,62,45,5,75,573,239,0.417,46,17,0.37,150,123,0.82,0.2617801047120419,,,,,,
2046,Desmond Mason,2000,2001,,77.0,222.0,Guard,78,1523.5283333333334,19.53241452991453,,463,249,63,39,20,53,439,189,0.431,67,18,0.269,91,67,0.736,0.2072892938496583,,,,,,
2047,Quentin Richardson,2000,2001,,78.0,228.0,Forward,76,1356.0533333333333,17.84280701754386,,613,257,62,42,7,64,525,232,0.442,151,50,0.331,158,99,0.627,0.30095238095238097,,,,,,
2050,Morris Peterson,2000,2001,,79.0,220.0,Guard,80,1810.575,22.6321875,,747,259,105,63,20,78,673,290,0.431,165,63,0.382,145,104,0.717,0.21545319465081725,,,,,,
2058,Mark Madsen,2000,2001,,81.0,255.0,Forward,70,636.8783333333333,9.098261904761905,,137,152,24,8,8,27,113,55,0.487,1,1,1.0,37,26,0.703,0.3274336283185841,,,,,,
2062,A.J. Guyton,2000,2001,,74.0,185.0,Guard,33,628.5383333333333,19.04661616161616,,198,36,64,9,5,24,192,78,0.406,69,27,0.391,18,15,0.833,0.09375,,,,,,
2067,Eddie House,2000,2001,,73.0,190.0,Guard,50,544.805,10.896099999999999,,251,42,52,13,0,35,247,104,0.421,55,19,0.345,35,24,0.686,0.1417004048582996,,,,,,
2199,Tyson Chandler,2001,2002,,84.0,235.0,Center,71,1392.8166666666666,19.617136150234742,,436,343,54,28,93,99,304,151,0.497,0,0,0.0,222,134,0.604,0.7302631578947368,,,,,,
2200,Pau Gasol,2001,2002,,84.0,250.0,Center-Forward,82,3001.866666666667,36.608130081300814,,1441,730,223,41,169,224,1064,551,0.518,5,1,0.2,477,338,0.709,0.4483082706766917,,,,,,
2202,Jason Richardson,2001,2002,,78.0,225.0,Guard,80,2627.845,32.8480625,,1151,340,236,106,31,160,1090,464,0.426,246,82,0.333,210,141,0.671,0.1926605504587156,,,,,,
2203,Shane Battier,2001,2002,,80.0,220.0,Forward,78,3098.1,39.71923076923077,,1125,418,216,121,81,155,961,412,0.429,276,103,0.373,283,198,0.7,0.29448491155046824,,,,,,
2204,Eddie Griffin,2001,2002,,81.0,222.0,Forward,73,1895.4766666666667,25.96543378995434,,642,416,53,17,134,47,666,244,0.366,273,90,0.33,86,64,0.744,0.12912912912912913,,,,,,
2207,Joe Johnson,2001,2002,,79.0,240.0,Guard-Forward,77,1916.7366666666667,24.892683982683984,,581,257,179,59,20,71,584,251,0.43,130,38,0.292,53,41,0.774,0.09075342465753425,,,,,,
2210,Richard Jefferson,2001,2002,,79.0,233.0,Forward,79,1919.4233333333334,24.29649789029536,,742,293,140,64,48,107,591,270,0.457,56,13,0.232,265,189,0.713,0.44839255499153974,,,,,,
2211,Troy Murphy,2001,2002,,83.0,245.0,Forward-Center,82,1450.3916666666667,17.68770325203252,,480,322,70,36,21,84,423,178,0.421,9,3,0.333,156,121,0.776,0.36879432624113473,,,,,,
2212,Steven Hunter,2001,2002,,84.0,240.0,Center,53,514.0466666666666,9.698993710691823,,189,97,5,5,43,16,147,67,0.456,0,0,0.0,94,55,0.585,0.6394557823129252,,,,,,
2215,Jason Collins,2001,2002,,84.0,255.0,Center,77,1403.1083333333333,18.222186147186147,,350,301,81,29,47,72,278,117,0.421,2,1,0.5,164,115,0.701,0.5899280575539568,,,,,,
2222,Gerald Wallace,2001,2002,,79.0,220.0,Forward,54,431.71666666666664,7.9947530864197525,,173,89,27,19,6,22,175,75,0.429,7,0,0.0,46,23,0.5,0.26285714285714284,,,,,,
2224,Jamaal Tinsley,2001,2002,,75.0,188.0,Guard,80,2443.415,30.5426875,,751,298,647,138,40,270,760,289,0.38,175,42,0.24,186,131,0.704,0.24473684210526317,,,,,,
2225,Tony Parker,2001,2002,,74.0,185.0,Guard,77,2271.1783333333333,29.49582251082251,,705,197,334,89,7,151,639,268,0.419,189,61,0.323,160,108,0.675,0.25039123630672927,,,,,,
2239,Trenton Hassell,2001,2002,,77.0,227.0,Forward-Guard,78,2235.5783333333334,28.661260683760684,,681,255,172,55,44,101,628,267,0.425,165,60,0.364,114,87,0.763,0.18152866242038215,,,,,,
2242,Terence Morris,2001,2002,,,,,68,1115.2966666666666,16.401421568627452,,255,211,64,21,27,45,289,111,0.384,78,15,0.192,28,18,0.643,0.09688581314878893,,,,,,
2250,Bobby Simmons,2001,2002,,78.0,235.0,Forward,30,339.69666666666666,11.323222222222222,,112,52,17,13,5,14,95,43,0.453,14,4,0.286,30,22,0.733,0.3157894736842105,,,,,,
2254,Loren Woods,2001,2002,,86.0,260.0,Center,60,515.7033333333334,8.595055555555556,,110,122,22,17,34,36,96,33,0.344,2,0,0.0,60,44,0.733,0.625,,,,,,
2260,Jarron Collins,2001,2002,,83.0,249.0,Center,70,1444.6616666666666,20.63802380952381,,450,296,58,29,22,56,343,158,0.461,1,0,0.0,181,134,0.74,0.5276967930029155,,,,,,
2261,Kenny Satterfield,2001,2002,,74.0,170.0,Guard,36,559.8583333333333,15.55162037037037,,189,52,108,31,1,53,199,73,0.367,27,7,0.259,46,36,0.783,0.23115577889447236,,,,,,
2397,Yao Ming,2002,2003,,90.0,310.0,Center,82,2381.8933333333334,29.047479674796747,,1104,675,137,31,147,173,805,401,0.498,2,1,0.5,371,301,0.811,0.4608695652173913,,,,,,
2398,Jay Williams,2002,2003,,74.0,195.0,Guard,75,1961.19,26.1492,,714,195,350,86,17,171,685,273,0.399,202,65,0.322,161,103,0.64,0.23503649635036497,,,,,,
2400,Drew Gooden,2002,2003,,82.0,250.0,Forward,70,1875.57,26.793857142857142,,875,455,83,53,35,150,777,355,0.457,48,14,0.292,212,151,0.712,0.2728442728442728,,,,,,
2401,Nikoloz Tskitishvili,2002,2003,,84.0,225.0,Forward,81,1319.9883333333332,16.296152263374484,,315,181,91,31,29,84,393,115,0.293,152,37,0.243,65,48,0.738,0.16539440203562342,,,,,,
2402,Dajuan Wagner,2002,2003,,75.0,200.0,Guard,47,1384.9083333333333,29.466134751773048,,629,82,130,38,7,85,605,223,0.369,174,55,0.316,160,128,0.8,0.2644628099173554,,,,,,
2403,Nenê,2002,2003,,83.0,250.0,Center-Forward,80,2258.3283333333334,28.229104166666666,,839,491,149,127,65,181,619,321,0.519,3,0,0.0,341,197,0.578,0.5508885298869144,,,,,,
2405,Amar'e Stoudemire,2002,2003,,82.0,245.0,Forward-Center,82,2569.9383333333335,31.340711382113824,,1106,721,78,62,87,189,830,392,0.472,10,2,0.2,484,320,0.661,0.5831325301204819,,,,,,
2406,Caron Butler,2002,2003,,79.0,228.0,Forward,78,2855.6516666666666,36.610918803418805,,1201,397,213,137,31,192,1032,429,0.416,107,34,0.318,375,309,0.824,0.3633720930232558,,,,,,
2408,Melvin Ely,2002,2003,,82.0,260.0,Center-Forward,52,802.9716666666667,15.441762820512821,,236,174,15,10,32,50,186,92,0.495,0,0,0.0,74,52,0.703,0.3978494623655914,,,,,,
2416,Kareem Rush,2002,2003,,78.0,215.0,Guard,76,874.7516666666667,11.509890350877193,,227,94,68,10,11,63,244,96,0.393,68,19,0.279,23,16,0.696,0.0942622950819672,,,,,,
2417,Qyntel Woods,2002,2003,,80.0,220.0,Forward-Guard,53,334.97833333333335,6.320345911949686,,128,53,12,15,1,23,118,59,0.5,9,3,0.333,20,7,0.35,0.1694915254237288,,,,,,
2428,Vincent Yarbrough,2002,2003,,79.0,210.0,Forward,59,1379.2516666666668,23.377146892655368,,406,162,130,57,33,81,428,168,0.393,78,21,0.269,62,49,0.79,0.14485981308411214,,,,,,
2429,Dan Gadzuric,2002,2003,,83.0,240.0,Center,49,759.3583333333333,15.497108843537415,,169,197,9,22,52,27,145,70,0.483,1,0,0.0,56,29,0.518,0.38620689655172413,,,,,,
2430,Carlos Boozer,2002,2003,,81.0,258.0,Forward,81,2047.9583333333333,25.28343621399177,,810,609,106,59,50,103,618,331,0.536,1,0,0.0,192,148,0.771,0.3106796116504854,,,,,,
2437,Lonny Baxter,2002,2003,,80.0,260.0,Forward,55,683.6466666666666,12.429939393939394,,262,165,16,9,22,46,206,96,0.466,2,0,0.0,103,70,0.68,0.5,,,,,,
2446,Rasual Butler,2002,2003,,79.0,215.0,Forward,72,1515.2966666666666,21.045787037037037,,540,186,93,21,43,77,572,207,0.362,171,50,0.292,104,76,0.731,0.18181818181818182,,,,,,
2544,LeBron James,2003,2004,,81.0,250.0,Forward,79,3126.865,39.580569620253165,,1654,432,465,130,58,273,1492,622,0.417,217,63,0.29,460,347,0.754,0.30831099195710454,,,,,,
2546,Carmelo Anthony,2003,2004,,79.0,238.0,Forward,82,2991.2316666666666,36.47843495934959,,1725,498,227,97,41,247,1465,624,0.426,214,69,0.322,525,408,0.777,0.3583617747440273,,,,,,
2547,Chris Bosh,2003,2004,,83.0,235.0,Forward,75,2516.485,33.553133333333335,,861,557,78,59,106,107,712,327,0.459,14,5,0.357,288,202,0.701,0.4044943820224719,,,,,,
2548,Dwyane Wade,2003,2004,,76.0,220.0,Guard,61,2135.85,35.013934426229504,,991,247,275,86,34,196,798,371,0.465,53,16,0.302,312,233,0.747,0.39097744360902253,,,,,,
2549,Chris Kaman,2003,2004,,84.0,265.0,Center,82,1850.2966666666666,22.564593495934957,,499,461,85,23,73,155,435,200,0.46,2,0,0.0,142,99,0.697,0.3264367816091954,,,,,,
2550,Kirk Hinrich,2003,2004,,76.0,190.0,Guard,76,2709.2683333333334,35.64826754385965,,915,259,517,101,21,204,823,318,0.386,369,144,0.39,168,135,0.804,0.20413122721749696,,,,,,
2551,T.J. Ford,2003,2004,,72.0,165.0,Guard,55,1484.0883333333334,26.983424242424242,,391,177,356,60,3,139,398,153,0.384,21,5,0.238,98,80,0.816,0.24623115577889448,,,,,,
2553,Jarvis Hayes,2003,2004,,80.0,228.0,Forward,70,2043.9633333333334,29.19947619047619,,673,264,106,71,11,110,695,278,0.4,131,40,0.305,98,77,0.786,0.1410071942446043,,,,,,
2556,Marcus Banks,2003,2004,,74.0,205.0,Guard,81,1377.5166666666667,17.006378600823044,,480,133,175,88,13,125,442,177,0.4,86,27,0.314,131,99,0.756,0.29638009049773756,,,,,,
2560,Žarko Čabarkapa,2003,2004,,83.0,230.0,Forward-Center,49,574.5916666666667,11.726360544217687,,203,99,40,10,13,54,197,81,0.411,32,6,0.188,53,35,0.66,0.26903553299492383,,,,,,
2561,David West,2003,2004,,81.0,250.0,Forward,71,929.0383333333333,13.085046948356807,,273,297,60,27,28,48,228,108,0.474,2,0,0.0,80,57,0.713,0.3508771929824561,,,,,,
2562,Sasha Pavlović,2003,2004,,79.0,235.0,Guard-Forward,79,1136.5083333333334,14.386181434599157,,382,159,60,41,16,67,376,149,0.396,70,19,0.271,84,65,0.774,0.22340425531914893,,,,,,
2564,Boris Diaw,2003,2004,,80.0,250.0,Center-Forward,76,1915.235,25.200460526315787,,342,342,182,59,37,126,313,140,0.447,26,6,0.231,93,56,0.602,0.2971246006389776,,,,,,
2565,Zoran Planinić,2003,2004,,,,,49,466.74333333333334,9.525374149659864,,153,55,68,13,3,36,129,53,0.411,32,9,0.281,60,38,0.633,0.46511627906976744,,,,,,
2567,Brian Cook,2003,2004,,81.0,250.0,Center-Forward,35,437.77166666666665,12.507761904761905,,155,101,20,16,16,17,141,67,0.475,5,0,0.0,28,21,0.75,0.19858156028368795,,,,,,
2571,Leandro Barbosa,2003,2004,,75.0,194.0,Guard,70,1500.565,21.436642857142857,,550,123,165,93,7,120,470,210,0.447,210,83,0.395,61,47,0.77,0.12978723404255318,,,,,,
2572,Josh Howard,2003,2004,,79.0,210.0,Forward-Guard,67,1586.435,23.678134328358208,,575,368,97,69,54,67,532,229,0.43,66,20,0.303,138,97,0.703,0.2593984962406015,,,,,,
2575,Luke Walton,2003,2004,,80.0,235.0,Forward,72,717.955,9.971597222222222,,174,127,113,28,8,44,153,65,0.425,39,13,0.333,44,31,0.705,0.2875816993464052,,,,,,
2581,Steve Blake,2003,2004,,75.0,172.0,Guard,75,1387.2433333333333,18.496577777777777,,444,117,209,57,7,128,407,157,0.386,202,75,0.371,67,55,0.821,0.16461916461916462,,,,,,
2584,Willie Green,2003,2004,,75.0,205.0,Guard,53,767.5016666666667,14.48116352201258,,364,65,53,26,5,59,357,143,0.401,61,19,0.311,81,59,0.728,0.226890756302521,,,,,,
2586,Keith Bogans,2003,2004,,77.0,215.0,Guard-Forward,73,1786.045,24.4663698630137,,498,317,98,46,10,75,454,183,0.403,187,67,0.358,103,65,0.631,0.22687224669603523,,,,,,
2730,Dwight Howard,2004,2005,,82.0,265.0,Center-Forward,82,2678.443333333333,32.663943089430894,,981,823,75,77,136,165,677,352,0.52,2,0,0.0,413,277,0.671,0.6100443131462334,,,,,,
2731,Emeka Okafor,2004,2005,,82.0,255.0,Center,73,2599.63,35.6113698630137,,1105,795,64,62,125,125,1003,448,0.447,1,0,0.0,343,209,0.609,0.3419740777666999,,,,,,
2732,Ben Gordon,2004,2005,,75.0,205.0,Guard,82,2013.0933333333332,24.54991869918699,,1235,215,164,53,10,186,1056,434,0.411,331,134,0.405,270,233,0.863,0.2556818181818182,,,,,,
2734,Devin Harris,2004,2005,,75.0,185.0,Guard,76,1176.67,15.482500000000002,,436,102,169,77,19,82,366,157,0.429,131,44,0.336,103,78,0.757,0.2814207650273224,,,,,,
2735,Josh Childress,2004,2005,,80.0,210.0,Forward-Guard,80,2371.7716666666665,29.647145833333333,,807,482,151,74,35,106,642,302,0.47,56,13,0.232,231,190,0.823,0.3598130841121495,,,,,,
2736,Luol Deng,2004,2005,,81.0,237.0,Forward,61,1661.07,27.230655737704918,,711,322,135,48,27,118,645,280,0.434,117,31,0.265,162,120,0.741,0.25116279069767444,,,,,,
2737,Rafael Araújo,2004,2005,,83.0,270.0,Center,59,735.595,12.46771186440678,,196,185,16,21,8,52,175,76,0.434,3,1,0.333,55,43,0.782,0.3142857142857143,,,,,,
2738,Andre Iguodala,2004,2005,,78.0,215.0,Guard-Forward,82,2680.8433333333332,32.69321138211382,,741,464,246,138,48,139,546,269,0.493,142,47,0.331,210,156,0.743,0.38461538461538464,,,,,,
2740,Andris Biedriņš,2004,2005,,84.0,250.0,Center,30,382.305,12.743500000000001,,109,118,12,12,24,12,78,45,0.577,1,0,0.0,40,19,0.475,0.5128205128205128,,,,,,
2742,Sebastian Telfair,2004,2005,,72.0,170.0,Guard,68,1330.14,19.560882352941178,,460,104,224,35,4,125,430,169,0.393,69,17,0.246,133,105,0.789,0.30930232558139537,,,,,,
2743,Kris Humphries,2004,2005,,81.0,235.0,Forward,67,869.0166666666667,12.970398009950248,,278,197,43,25,18,52,287,116,0.404,6,2,0.333,101,44,0.436,0.3519163763066202,,,,,,
2744,Al Jefferson,2004,2005,,82.0,280.0,Center,71,1044.215,14.70725352112676,,475,312,24,22,55,66,369,195,0.528,3,0,0.0,135,85,0.63,0.36585365853658536,,,,,,
2746,Josh Smith,2004,2005,,81.0,225.0,Forward,74,2049.9416666666666,27.701914414414414,,715,457,127,59,144,135,602,274,0.455,23,4,0.174,237,163,0.688,0.39368770764119604,,,,,,
2747,J.R. Smith,2004,2005,,78.0,220.0,Guard,76,1863.5216666666668,24.520021929824562,,782,152,142,55,11,109,748,295,0.394,281,81,0.288,161,111,0.689,0.21524064171122995,,,,,,
2749,Jameer Nelson,2004,2005,,72.0,190.0,Guard,79,1614.9766666666667,20.442742616033755,,689,193,237,78,3,117,628,286,0.455,141,44,0.312,107,73,0.682,0.17038216560509553,,,,,,
2754,Tony Allen,2004,2005,,76.0,213.0,Guard-Forward,77,1254.4733333333334,16.291861471861473,,492,221,64,76,24,77,387,184,0.475,31,12,0.387,152,112,0.737,0.39276485788113696,,,,,,
2757,Beno Udrih,2004,2005,,75.0,205.0,Guard,80,1155.2,14.440000000000001,,471,83,150,41,10,77,390,173,0.444,142,58,0.408,89,67,0.753,0.2282051282051282,,,,,,
2758,David Harrison,2004,2005,,84.0,280.0,Center,43,759.9083333333333,17.672286821705427,,264,135,13,16,55,53,184,106,0.576,0,0,0.0,91,52,0.571,0.4945652173913043,,,,,,
2760,Anderson Varejão,2004,2005,,83.0,260.0,Forward,54,868.7616666666667,16.08817901234568,,266,257,27,41,38,26,193,99,0.513,2,0,0.0,127,68,0.535,0.6580310880829016,,,,,,
2761,Jackson Vroman,2004,2005,,82.0,220.0,Forward-Center,46,706.105,15.350108695652175,,212,175,40,25,19,64,199,82,0.412,3,0,0.0,75,48,0.64,0.3768844221105528,,,,,,
2767,Royal Ivey,2004,2005,,76.0,200.0,Guard,62,813.5316666666666,13.121478494623656,,220,84,103,39,7,58,198,85,0.429,9,3,0.333,67,47,0.701,0.3383838383838384,,,,,,
2768,Chris Duhon,2004,2005,,73.0,190.0,Guard,82,2171.7633333333333,26.48491869918699,,487,213,398,82,3,119,488,172,0.352,265,94,0.355,67,49,0.731,0.13729508196721313,,,,,,
2772,Trevor Ariza,2004,2005,,80.0,215.0,Forward,80,1380.6316666666667,17.257895833333333,,468,242,85,70,18,73,389,172,0.442,13,3,0.231,174,121,0.695,0.4473007712082262,,,,,,
101106,Andrew Bogut,2005,2006,,84.0,260.0,Center,82,2348.13,28.635731707317074,,768,573,192,49,68,125,606,323,0.533,3,0,0.0,194,122,0.629,0.3201320132013201,,,,,,
101107,Marvin Williams,2005,2006,,80.0,237.0,Forward,79,1952.2616666666668,24.71217299578059,,672,383,63,48,24,83,531,235,0.443,53,13,0.245,253,189,0.747,0.4764595103578154,,,,,,
101114,Deron Williams,2005,2006,,75.0,200.0,Guard,80,2306.633333333333,28.832916666666666,,864,194,359,60,17,145,805,339,0.421,219,91,0.416,135,95,0.704,0.16770186335403728,,,,,,
101108,Chris Paul,2005,2006,,72.0,175.0,Guard,78,2808.475,36.00608974358974,,1258,400,611,175,6,183,947,407,0.43,177,50,0.282,465,394,0.847,0.4910242872228089,,,,,,
101109,Raymond Felton,2005,2006,,73.0,205.0,Guard,80,2405.7083333333335,30.07135416666667,,948,265,446,102,8,182,883,345,0.391,271,97,0.358,222,161,0.725,0.25141562853907135,,,,,,
101111,Charlie Villanueva,2005,2006,,83.0,232.0,Forward,81,2361.0066666666667,29.1482304526749,,1053,521,88,60,63,99,940,435,0.463,214,70,0.327,160,113,0.706,0.1702127659574468,,,,,,
101112,Channing Frye,2005,2006,,84.0,255.0,Forward-Center,65,1572.355,24.190076923076923,,802,374,53,30,47,97,640,305,0.477,9,3,0.333,229,189,0.825,0.3578125,,,,,,
101113,Ike Diogu,2005,2006,,81.0,250.0,Forward,69,1031.4083333333333,14.94794685990338,,486,229,29,15,30,78,334,175,0.524,0,0,0.0,168,136,0.81,0.5029940119760479,,,,,,
101118,Sean May,2005,2006,,81.0,266.0,Center-Forward,23,398.4316666666667,17.323115942028984,,189,109,22,17,12,33,171,70,0.409,5,0,0.0,64,49,0.766,0.3742690058479532,,,,,,
101119,Rashad McCants,2005,2006,,76.0,215.0,Guard,79,1362.2433333333333,17.243586497890295,,627,143,63,44,22,86,535,241,0.45,180,67,0.372,106,78,0.736,0.19813084112149532,,,,,,
101120,Antoine Wright,2005,2006,,79.0,215.0,Forward-Guard,39,370.1666666666667,9.491452991452991,,70,30,12,4,3,21,81,29,0.358,15,1,0.067,22,11,0.5,0.2716049382716049,,,,,,
101121,Joey Graham,2005,2006,,79.0,230.0,Forward,80,1580.6016666666667,19.757520833333334,,533,244,60,37,13,92,414,198,0.478,87,29,0.333,133,108,0.812,0.321256038647343,,,,,,
101122,Danny Granger,2005,2006,,81.0,222.0,Forward-Guard,78,1765.335,22.6325,,587,384,90,58,62,80,478,221,0.462,93,30,0.323,148,115,0.777,0.30962343096234307,,,,,,
101126,Nate Robinson,2005,2006,,69.0,180.0,Guard,72,1543.6516666666666,21.43960648148148,,670,167,147,59,1,114,565,230,0.407,146,58,0.397,202,152,0.752,0.35752212389380533,,,,,,
101127,Jarrett Jack,2005,2006,,75.0,200.0,Guard,79,1598.8116666666667,20.2381223628692,,526,160,219,41,2,102,428,189,0.442,76,20,0.263,160,128,0.8,0.37383177570093457,,,,,,
101128,Francisco García,2005,2006,,79.0,215.0,Guard-Forward,67,1301.22,19.421194029850746,,377,185,94,41,47,75,325,130,0.4,137,39,0.285,101,78,0.772,0.31076923076923074,,,,,,
101129,Luther Head,2005,2006,,75.0,185.0,Guard,80,2309.971666666667,28.874645833333336,,707,266,215,89,9,119,630,254,0.403,313,113,0.361,123,86,0.699,0.19523809523809524,,,,,,
101136,Salim Stoudamire,2005,2006,,73.0,175.0,Guard,61,1236.0583333333334,20.26325136612022,,589,116,75,27,3,82,492,204,0.415,216,82,0.38,110,99,0.9,0.22357723577235772,,,,,,
101137,Daniel Ewing,2005,2006,,75.0,185.0,Guard,66,971.1533333333333,14.714444444444444,,252,85,84,37,6,57,255,97,0.38,78,22,0.282,46,36,0.783,0.1803921568627451,,,,,,
101155,Ryan Gomes,2005,2006,,79.0,245.0,Forward,61,1376.235,22.56122950819672,,461,298,58,35,5,55,355,173,0.487,9,3,0.333,149,112,0.752,0.4197183098591549,,,,,,
200745,Andrea Bargnani,2006,2007,,84.0,245.0,Center-Forward,65,1629.45,25.068461538461538,,751,255,50,32,53,107,625,267,0.427,268,100,0.373,142,117,0.824,0.2272,,,,,,
200746,LaMarcus Aldridge,2006,2007,,83.0,250.0,Center-Forward,63,1391.7566666666667,22.09137566137566,,565,312,24,22,73,43,479,241,0.503,2,0,0.0,115,83,0.722,0.24008350730688935,,,,,,
200747,Adam Morrison,2006,2007,,80.0,205.0,Forward,78,2325.83,29.81833333333333,,917,230,163,28,6,130,944,355,0.376,258,87,0.337,169,120,0.71,0.17902542372881355,,,,,,
200749,Shelden Williams,2006,2007,,81.0,250.0,Center-Forward,81,1513.44,18.684444444444445,,444,435,44,52,39,96,365,166,0.455,4,2,0.5,144,110,0.764,0.39452054794520547,,,,,,
200750,Brandon Roy,2006,2007,,78.0,211.0,Guard,57,2014.5066666666667,35.34222222222222,,955,250,230,67,10,116,765,349,0.456,146,55,0.377,241,202,0.838,0.3150326797385621,,,,,,
200751,Randy Foye,2006,2007,,76.0,218.0,Guard,82,1879.3333333333333,22.91869918699187,,832,218,232,53,21,152,691,300,0.434,185,68,0.368,192,164,0.854,0.2778581765557164,,,,,,
200752,Rudy Gay,2006,2007,,80.0,250.0,Forward-Guard,78,2103.31,26.96551282051282,,846,348,100,71,74,140,760,321,0.422,143,52,0.364,209,152,0.727,0.275,,,,,,
200756,Hilton Armstrong,2006,2007,,83.0,235.0,Forward-Center,56,634.2066666666667,11.325119047619049,,176,149,10,12,26,35,125,68,0.544,0,0,0.0,67,40,0.597,0.536,,,,,,
200760,Rodney Carney,2006,2007,,79.0,205.0,Forward,67,1169.09,17.44910447761194,,442,128,26,38,23,43,392,182,0.464,72,25,0.347,87,53,0.609,0.22193877551020408,,,,,,
200761,Shawne Williams,2006,2007,,82.0,230.0,Forward,46,556.22,12.091739130434783,,180,83,22,6,8,24,160,75,0.469,52,19,0.365,20,11,0.55,0.125,,,,,,
200763,Quincy Douby,2006,2007,,75.0,175.0,Guard,42,359.13666666666666,8.550873015873016,,119,37,15,15,4,15,126,48,0.381,50,12,0.24,15,11,0.733,0.11904761904761904,,,,,,
200764,Renaldo Balkman,2006,2007,,80.0,225.0,Forward,68,1064.185,15.649779411764705,,334,294,44,57,44,49,275,139,0.505,27,5,0.185,90,51,0.567,0.32727272727272727,,,,,,
200765,Rajon Rondo,2006,2007,,73.0,180.0,Guard,78,1830.9383333333333,23.473568376068375,,501,292,297,128,8,137,450,188,0.418,29,6,0.207,184,119,0.647,0.4088888888888889,,,,,,
200771,Sergio Rodríguez,2006,2007,,75.0,176.0,Guard,67,861.7866666666666,12.862487562189054,,247,91,218,35,2,77,239,101,0.423,85,24,0.282,26,21,0.808,0.1087866108786611,,,,,,
200776,Mardy Collins,2006,2007,,78.0,220.0,Guard,52,777.0866666666667,14.94397435897436,,235,104,83,32,3,57,228,87,0.382,47,13,0.277,82,48,0.585,0.35964912280701755,,,,,,
200783,Craig Smith,2006,2007,,79.0,265.0,Forward,82,1536.565,18.73859756097561,,608,415,49,51,18,74,463,246,0.531,6,0,0.0,186,116,0.624,0.4017278617710583,,,,,,
200784,Bobby Jones,2006,2007,,79.0,215.0,Forward,44,335.48833333333334,7.624734848484849,,110,57,16,11,1,18,93,43,0.462,9,1,0.111,41,23,0.561,0.44086021505376344,,,,,,
200792,Alexander Johnson,2006,2007,,81.0,240.0,Forward,59,752.6716666666666,12.757146892655367,,260,181,17,25,35,47,169,91,0.538,0,0,0.0,118,78,0.661,0.6982248520710059,,,,,,
200794,Paul Millsap,2006,2007,,79.0,257.0,Forward,82,1472.1466666666668,17.9530081300813,,559,423,62,67,74,94,398,209,0.525,3,1,0.333,208,140,0.673,0.5226130653266332,,,,,,
200796,Leon Powe,2006,2007,,80.0,240.0,Forward,63,719.8016666666666,11.42542328042328,,264,215,10,14,22,47,177,79,0.446,2,0,0.0,144,106,0.736,0.8135593220338984,,,,,,
201142,Kevin Durant,2007,2008,,83.0,240.0,Forward,80,2767.9683333333332,34.599604166666666,,1624,348,192,78,75,232,1366,587,0.43,205,59,0.288,448,391,0.873,0.3279648609077599,,,,,,
201143,Al Horford,2007,2008,,80.0,240.0,Center-Forward,81,2539.8866666666668,31.356625514403294,,821,785,124,60,76,137,668,333,0.499,5,0,0.0,212,155,0.731,0.31736526946107785,,,,,,
201144,Mike Conley,2007,2008,,73.0,175.0,Guard,53,1381.3366666666666,26.062955974842765,,498,139,222,44,2,89,442,189,0.428,91,30,0.33,123,90,0.732,0.27828054298642535,,,,,,
201145,Jeff Green,2007,2008,,80.0,235.0,Forward,80,2253.0666666666666,28.163333333333334,,838,379,119,46,49,158,749,320,0.427,76,21,0.276,238,177,0.744,0.3177570093457944,,,,,,
201146,Yi Jianlian,2007,2008,,84.0,250.0,Forward,66,1646.6016666666667,24.9485101010101,,566,344,55,36,56,90,520,219,0.421,21,6,0.286,145,122,0.841,0.27884615384615385,,,,,,
201147,Corey Brewer,2007,2008,,81.0,188.0,Guard-Forward,79,1802.585,22.81753164556962,,459,292,111,76,25,89,486,182,0.374,36,7,0.194,110,88,0.8,0.22633744855967078,,,,,,
201148,Brandan Wright,2007,2008,,82.0,235.0,Forward-Center,38,375.69666666666666,9.886754385964911,,151,99,9,6,22,13,112,62,0.554,0,0,0.0,40,27,0.675,0.35714285714285715,,,,,,
201149,Joakim Noah,2007,2008,,83.0,232.0,Forward-Center,74,1533.715,20.725878378378376,,488,416,84,68,64,89,367,177,0.482,1,0,0.0,194,134,0.691,0.5286103542234333,,,,,,
201151,Acie Law,2007,2008,,75.0,202.0,Guard,56,865.36,15.452857142857143,,235,57,113,29,0,56,237,95,0.401,34,7,0.206,48,38,0.792,0.20253164556962025,,,,,,
201152,Thaddeus Young,2007,2008,,80.0,225.0,Forward,74,1554.415,21.005608108108106,,610,312,58,73,8,64,490,264,0.539,19,6,0.316,103,76,0.738,0.21020408163265306,,,,,,
201153,Julian Wright,2007,2008,,80.0,225.0,Forward,57,640.0766666666667,11.229415204678363,,223,117,40,29,12,34,169,90,0.533,24,10,0.417,52,33,0.635,0.3076923076923077,,,,,,
201154,Al Thornton,2007,2008,,80.0,235.0,Forward,79,2157.6983333333333,27.312637130801686,,1005,358,98,46,43,128,871,374,0.429,130,43,0.331,288,214,0.743,0.330654420206659,,,,,,
201157,Sean Williams,2007,2008,,82.0,235.0,Forward-Center,73,1278.3083333333334,17.511073059360733,,409,322,28,28,106,70,305,164,0.538,0,0,0.0,133,81,0.609,0.4360655737704918,,,,,,
201159,Javaris Crittenton,2007,2008,,77.0,200.0,Guard,50,678.16,13.5632,,278,110,51,19,2,55,233,98,0.421,37,10,0.27,104,72,0.692,0.44635193133047213,,,,,,
201161,Daequan Cook,2007,2008,,77.0,210.0,Guard,59,1440.675,24.41822033898305,,518,177,75,23,9,63,514,196,0.381,238,79,0.332,57,47,0.825,0.11089494163424124,,,,,,
201162,Jared Dudley,2007,2008,,78.0,237.0,Forward,73,1383.8166666666666,18.956392694063926,,422,286,81,55,10,50,348,163,0.468,41,9,0.22,118,87,0.737,0.3390804597701149,,,,,,
201167,Arron Afflalo,2007,2008,,77.0,210.0,Guard,75,970.3366666666667,12.937822222222223,,276,137,52,31,8,34,241,99,0.411,48,10,0.208,87,68,0.782,0.36099585062240663,,,,,,
201189,Aaron Gray,2007,2008,,84.0,270.0,Center,61,612.9966666666667,10.04912568306011,,262,168,41,21,16,57,204,103,0.505,1,0,0.0,99,56,0.566,0.4852941176470588,,,,,,
201565,Derrick Rose,2008,2009,,75.0,200.0,Guard,81,3000.048333333333,37.03763374485597,,1361,317,512,66,18,202,1208,574,0.475,72,16,0.222,250,197,0.788,0.20695364238410596,,,,,,
201563,Michael Beasley,2008,2009,,81.0,235.0,Forward,81,2008.59,24.797407407407405,,1123,439,83,41,37,121,957,452,0.472,81,33,0.407,241,186,0.772,0.25182863113897597,,,,,,
201564,O.J. Mayo,2008,2009,,77.0,210.0,Guard,82,3120.3033333333333,38.05247967479675,,1516,308,262,91,13,226,1283,562,0.438,378,145,0.384,281,247,0.879,0.2190179267342167,,,,,,
201566,Russell Westbrook,2008,2009,,76.0,200.0,Guard,82,2668.035,32.537012195121946,,1256,399,435,110,16,274,1095,436,0.398,129,35,0.271,428,349,0.815,0.3908675799086758,,,,,,
201567,Kevin Love,2008,2009,,82.0,251.0,Forward-Center,81,2047.7016666666666,25.28026748971193,,899,734,84,35,50,118,688,316,0.459,19,2,0.105,336,265,0.789,0.4883720930232558,,,,,,
201569,Eric Gordon,2008,2009,,75.0,215.0,Guard,78,2676.6516666666666,34.31604700854701,,1252,201,215,78,35,164,901,411,0.456,337,131,0.389,350,299,0.854,0.38845726970033295,,,,,,
201571,D.J. Augustin,2008,2009,,71.0,183.0,Guard,72,1907.9333333333334,26.499074074074073,,850,133,250,42,2,119,621,267,0.43,246,108,0.439,233,208,0.893,0.3752012882447665,,,,,,
201572,Brook Lopez,2008,2009,,85.0,282.0,Center,82,2501.4016666666666,30.50489837398374,,1068,665,86,44,151,147,844,448,0.531,2,0,0.0,217,172,0.793,0.2571090047393365,,,,,,
201574,Jason Thompson,2008,2009,,83.0,250.0,Forward-Center,82,2302.8766666666666,28.083861788617885,,910,606,93,46,59,146,717,356,0.497,8,0,0.0,286,198,0.692,0.398884239888424,,,,,,
201575,Brandon Rush,2008,2009,,78.0,225.0,Guard-Forward,75,1802.895,24.0386,,610,233,66,38,37,75,575,243,0.423,209,78,0.373,66,46,0.697,0.11478260869565217,,,,,,
201576,Anthony Randolph,2008,2009,,,,,63,1129.1266666666668,17.922645502645505,,499,363,49,42,74,80,431,199,0.462,4,0,0.0,141,101,0.716,0.3271461716937355,,,,,,
201577,Robin Lopez,2008,2009,,85.0,281.0,Center,60,614.3333333333334,10.238888888888889,,189,118,8,11,41,28,137,71,0.518,1,0,0.0,68,47,0.691,0.49635036496350365,,,,,,
201578,Marreese Speights,2008,2009,,82.0,255.0,Forward-Center,79,1262.4233333333334,15.980042194092828,,608,293,30,27,56,46,502,252,0.502,8,2,0.25,132,102,0.773,0.26294820717131473,,,,,,
201580,JaVale McGee,2008,2009,,84.0,270.0,Center-Forward,75,1142.5916666666667,15.234555555555556,,489,294,23,33,75,61,387,191,0.494,0,0,0.0,162,107,0.66,0.4186046511627907,,,,,,
201583,Ryan Anderson,2008,2009,,81.0,240.0,Forward,66,1312.425,19.88522727272727,,487,311,52,44,20,63,407,160,0.393,189,69,0.365,116,98,0.845,0.28501228501228504,,,,,,
201584,Courtney Lee,2008,2009,,77.0,215.0,Guard,77,1938.745,25.178506493506493,,646,178,91,76,14,69,540,243,0.45,203,82,0.404,94,78,0.83,0.17407407407407408,,,,,,
201587,Nicolas Batum,2008,2009,,79.0,230.0,Guard-Forward,79,1453.7716666666668,18.402172995780592,,426,220,74,50,40,50,361,161,0.446,168,62,0.369,52,42,0.808,0.1440443213296399,,,,,,
201589,Darrell Arthur,2008,2009,,81.0,235.0,Forward,76,1464.1783333333333,19.265504385964913,,422,346,43,52,52,47,436,191,0.438,2,0,0.0,60,40,0.667,0.13761467889908258,,,,,,
201596,Mario Chalmers,2008,2009,,74.0,190.0,Guard,82,2625.8433333333332,32.02247967479675,,818,228,403,160,8,165,662,278,0.42,311,114,0.367,193,148,0.767,0.29154078549848944,,,,,,
201599,DeAndre Jordan,2008,2009,,83.0,265.0,Center,53,771.3916666666667,14.554559748427673,,228,237,11,11,59,41,147,93,0.633,0,0,0.0,109,42,0.385,0.7414965986394558,,,,,,
201601,Luc Mbah a Moute,2008,2009,,80.0,230.0,Forward,82,2113.6916666666666,25.776727642276423,,594,487,87,87,45,100,491,227,0.462,4,0,0.0,192,140,0.729,0.3910386965376782,,,,,,
201934,Hasheem Thabeet,2009,2010,,87.0,263.0,Center,68,883.2966666666666,12.989656862745097,,208,243,11,15,89,43,131,77,0.588,0,0,0.0,93,54,0.581,0.7099236641221374,,,,,,
201935,James Harden,2009,2010,,77.0,220.0,Guard,76,1738.36,22.873157894736842,,753,244,137,80,20,106,578,233,0.403,248,93,0.375,240,194,0.808,0.41522491349480967,,,,,,
201936,Tyreke Evans,2009,2010,,78.0,220.0,Guard,72,2676.58,37.17472222222222,,1450,380,414,109,26,216,1165,533,0.458,141,36,0.255,465,348,0.748,0.39914163090128757,,,,,,
201938,Jonny Flynn,2009,2010,,72.0,185.0,Guard,81,2339.4166666666665,28.881687242798353,,1094,191,356,82,2,233,952,397,0.417,215,77,0.358,270,223,0.826,0.28361344537815125,,,,,,
201939,Stephen Curry,2009,2010,,74.0,185.0,Guard,80,2896.213333333333,36.202666666666666,,1399,356,472,152,19,243,1143,528,0.462,380,166,0.437,200,177,0.885,0.17497812773403323,,,,,,
201941,Jordan Hill,2009,2010,,82.0,240.0,Forward-Center,47,624.0983333333334,13.278687943262412,,244,175,20,14,21,30,201,99,0.493,2,0,0.0,68,46,0.676,0.3383084577114428,,,,,,
201942,DeMar DeRozan,2009,2010,,78.0,220.0,Guard-Forward,77,1663.6416666666667,21.605735930735932,,662,223,53,43,18,62,512,255,0.498,16,4,0.25,194,148,0.763,0.37890625,,,,,,
201943,Brandon Jennings,2009,2010,,73.0,170.0,Guard,82,2670.721666666667,32.56977642276423,,1270,282,470,105,18,200,1216,451,0.371,388,145,0.374,273,223,0.817,0.22450657894736842,,,,,,
201944,Terrence Williams,2009,2010,,78.0,220.0,Guard-Forward,78,1763.5216666666668,22.609252136752136,,656,348,223,43,10,124,651,261,0.401,100,31,0.31,144,103,0.715,0.22119815668202766,,,,,,
201947,Earl Clark,2009,2010,,82.0,234.0,Forward,51,383.39,7.517450980392157,,140,62,21,7,13,23,151,56,0.371,5,2,0.4,36,26,0.722,0.23841059602649006,,,,,,
201949,James Johnson,2009,2010,,79.0,240.0,Forward,65,757.1766666666666,11.648871794871795,,256,128,48,21,43,62,210,95,0.452,46,15,0.326,70,51,0.729,0.3333333333333333,,,,,,
201950,Jrue Holiday,2009,2010,,76.0,220.0,Guard,73,1766.7616666666668,24.202214611872147,,587,191,280,79,18,156,520,230,0.442,159,62,0.39,86,65,0.756,0.16538461538461538,,,,,,
201951,Ty Lawson,2009,2010,,71.0,195.0,Guard,65,1317.4366666666667,20.268256410256413,,542,124,203,48,2,82,390,201,0.515,83,34,0.41,140,106,0.757,0.358974358974359,,,,,,
201952,Jeff Teague,2009,2010,,75.0,195.0,Guard,71,718.4983333333333,10.11969483568075,,228,67,122,34,11,50,227,90,0.396,32,7,0.219,49,41,0.837,0.21585903083700442,,,,,,
201953,Eric Maynor,2009,2010,,75.0,175.0,Guard,81,1269.4933333333333,15.67275720164609,,382,129,266,40,10,85,368,154,0.418,71,22,0.31,72,52,0.722,0.1956521739130435,,,,,,
201954,Darren Collison,2009,2010,,72.0,160.0,Guard,76,2109.1316666666667,27.75173245614035,,946,192,432,78,4,202,789,376,0.477,115,46,0.4,174,148,0.851,0.22053231939163498,,,,,,
201956,Omri Casspi,2009,2010,,81.0,225.0,Forward,77,1931.0933333333332,25.0791341991342,,792,349,95,54,17,98,672,300,0.446,203,75,0.369,174,117,0.672,0.25892857142857145,,,,,,
201958,Rodrigue Beaubois,2009,2010,,74.0,185.0,Guard,56,699.9133333333333,12.498452380952381,,397,78,74,29,12,54,299,155,0.518,110,45,0.409,52,42,0.808,0.17391304347826086,,,,,,
201959,Taj Gibson,2009,2010,,81.0,232.0,Forward,82,2203.5816666666665,26.872947154471543,,735,611,70,50,104,114,629,311,0.494,0,0,0.0,175,113,0.646,0.27821939586645467,,,,,,
201961,Wayne Ellington,2009,2010,,76.0,207.0,Guard,76,1384.2416666666666,18.213706140350876,,505,159,74,20,5,74,448,190,0.424,162,64,0.395,70,61,0.871,0.15625,,,,,,
201966,Jermaine Taylor,2009,2010,,76.0,210.0,Guard,31,302.6983333333333,9.764462365591397,,128,46,16,10,3,19,119,45,0.378,22,5,0.227,46,33,0.717,0.3865546218487395,,,,,,
201970,Sam Young,2009,2010,,78.0,225.0,Forward-Guard,80,1321.0466666666666,16.513083333333334,,595,201,52,34,20,94,497,224,0.451,56,11,0.196,175,136,0.777,0.352112676056338,,,,,,
201971,DeJuan Blair,2009,2010,,79.0,270.0,Center-Forward,82,1494.3166666666666,18.223373983739837,,638,526,65,50,39,112,495,275,0.556,2,0,0.0,161,88,0.547,0.32525252525252524,,,,,,
201972,Jon Brockman,2009,2010,,79.0,255.0,Forward,52,653.6566666666666,12.570320512820512,,147,213,22,15,5,23,103,55,0.534,0,0,0.0,62,37,0.597,0.6019417475728155,,,,,,
201973,Jonas Jerebko,2009,2010,,82.0,231.0,Forward,80,2232.2,27.902499999999996,,741,478,58,79,29,82,603,290,0.481,115,36,0.313,176,125,0.71,0.29187396351575456,,,,,,
201974,Derrick Brown,2009,2010,,80.0,233.0,Forward,57,535.4066666666666,9.393099415204677,,186,78,19,21,10,19,147,68,0.463,7,2,0.286,72,48,0.667,0.4897959183673469,,,,,,
201977,Marcus Thornton,2009,2010,,76.0,205.0,Guard-Forward,73,1871.5966666666666,25.638310502283105,,1057,211,114,58,11,76,883,398,0.451,313,117,0.374,177,144,0.814,0.20045300113250283,,,,,,
201978,Chase Budinger,2009,2010,,79.0,209.0,Forward,74,1488.2883333333334,20.112004504504505,,657,220,88,34,11,48,565,249,0.441,249,92,0.369,87,67,0.77,0.15398230088495576,,,,,,
201985,A.J. Price,2009,2010,,74.0,195.0,Guard,56,865.3116666666666,15.451994047619047,,410,88,106,35,3,59,354,145,0.41,174,60,0.345,75,60,0.8,0.211864406779661,,,,,,
202322,John Wall,2010,2011,,75.0,210.0,Guard,69,2606.055,37.76891304347826,,1131,317,574,121,35,261,972,398,0.409,115,34,0.296,393,301,0.766,0.404320987654321,,,,,,
202323,Evan Turner,2010,2011,,78.0,220.0,Guard-Forward,78,1797.4016666666666,23.04361111111111,,565,306,159,49,14,80,529,225,0.425,44,14,0.318,125,101,0.808,0.23629489603024575,,,,,,
202324,Derrick Favors,2010,2011,,81.0,265.0,Forward,78,1535.7216666666666,19.688739316239314,,533,412,39,29,68,77,416,215,0.517,0,0,0.0,173,103,0.595,0.41586538461538464,,,,,,
202325,Wesley Johnson,2010,2011,,79.0,215.0,Forward-Guard,79,2069.37,26.194556962025317,,709,240,148,58,54,95,682,271,0.397,289,103,0.356,92,64,0.696,0.1348973607038123,,,,,,
202326,DeMarcus Cousins,2010,2011,,82.0,270.0,Center,81,2309.4266666666667,28.511440329218107,,1143,699,204,85,68,268,1004,432,0.43,18,3,0.167,402,276,0.687,0.40039840637450197,,,,,,
202327,Ekpe Udoh,2010,2011,,82.0,245.0,Center-Forward,58,1029.5133333333333,17.750229885057472,,236,181,40,22,86,48,222,97,0.437,0,0,0.0,64,42,0.656,0.2882882882882883,,,,,,
202328,Greg Monroe,2010,2011,,82.0,250.0,Forward-Center,80,2221.8633333333332,27.773291666666665,,751,601,105,93,45,81,550,303,0.551,1,0,0.0,233,145,0.622,0.42363636363636364,,,,,,
202329,Al-Farouq Aminu,2010,2011,,80.0,220.0,Forward,81,1451.835,17.92388888888889,,457,267,60,59,25,103,406,160,0.394,143,45,0.315,119,92,0.773,0.29310344827586204,,,,,,
202333,Xavier Henry,2010,2011,,78.0,220.0,Forward-Guard,38,527.4316666666666,13.879780701754385,,165,37,18,11,3,13,160,65,0.406,17,2,0.118,52,33,0.635,0.325,,,,,,
202334,Ed Davis,2010,2011,,81.0,218.0,Center-Forward,65,1601.7533333333333,24.642358974358974,,501,462,40,39,67,48,373,215,0.576,0,0,0.0,128,71,0.555,0.34316353887399464,,,,,,
202336,Larry Sanders,2010,2011,,83.0,230.0,Forward-Center,60,872.1616666666666,14.536027777777777,,260,178,16,22,72,38,268,116,0.433,0,0,0.0,50,28,0.56,0.1865671641791045,,,,,,
202338,Kevin Séraphin,2010,2011,,82.0,278.0,Forward-Center,58,634.6283333333333,10.941867816091953,,154,152,10,17,28,42,147,66,0.449,0,0,0.0,31,22,0.71,0.2108843537414966,,,,,,
202339,Eric Bledsoe,2010,2011,,73.0,214.0,Guard,81,1840.5333333333333,22.722633744855965,,543,223,289,92,26,194,486,206,0.424,116,32,0.276,133,99,0.744,0.2736625514403292,,,,,,
202344,Trevor Booker,2010,2011,,80.0,228.0,Forward,65,1063.0916666666667,16.35525641025641,,346,251,35,29,42,38,253,139,0.549,1,0,0.0,101,68,0.673,0.39920948616600793,,,,,,
202347,Quincy Pondexter,2010,2011,,79.0,230.0,Forward,66,733.5716666666667,11.114722222222223,,188,88,28,17,10,16,180,73,0.406,50,18,0.36,34,24,0.706,0.18888888888888888,,,,,,
202361,Landry Fields,2010,2011,,79.0,215.0,Guard-Forward,82,2541.3283333333334,30.99180894308943,,797,521,155,80,17,107,602,299,0.497,219,86,0.393,147,113,0.769,0.2441860465116279,,,,,,
202681,Kyrie Irving,2011,2012,,74.0,195.0,Guard,51,1557.8516666666667,30.546111111111113,,944,191,275,54,20,160,747,350,0.469,183,73,0.399,196,171,0.872,0.26238286479250333,,,,,,
202682,Derrick Williams,2011,2012,,80.0,240.0,Forward,66,1417.685,21.480075757575758,,583,311,38,30,31,77,498,205,0.412,138,37,0.268,195,136,0.697,0.39156626506024095,,,,,,
202683,Enes Freedom,2011,2012,,82.0,250.0,Center,66,874.435,13.24901515151515,,304,278,8,18,23,54,236,117,0.496,1,0,0.0,105,70,0.667,0.4449152542372881,,,,,,
202684,Tristan Thompson,2011,2012,,81.0,254.0,Center-Forward,60,1423.7533333333333,23.729222222222223,,494,389,27,27,62,81,442,194,0.439,2,0,0.0,192,106,0.552,0.4343891402714932,,,,,,
202686,Jan Veselý,2011,2012,,84.0,242.0,Forward,57,1077.5583333333334,18.90453216374269,,267,249,47,39,32,60,218,117,0.537,1,0,0.0,62,33,0.532,0.28440366972477066,,,,,,
202687,Bismack Biyombo,2011,2012,,80.0,255.0,Center,63,1455.22,23.09873015873016,,327,368,27,20,115,71,278,129,0.464,0,0,0.0,143,69,0.483,0.5143884892086331,,,,,,
202688,Brandon Knight,2011,2012,,74.0,182.0,Guard,66,2128.495,32.24992424242424,,847,211,251,49,10,171,769,319,0.415,276,105,0.38,137,104,0.759,0.17815344603381014,,,,,,
202689,Kemba Walker,2011,2012,,72.0,184.0,Guard,66,1792.0466666666666,27.15222222222222,,799,234,289,60,20,119,767,281,0.366,226,69,0.305,213,168,0.789,0.2777053455019557,,,,,,
202690,Jimmer Fredette,2011,2012,,74.0,195.0,Guard,61,1134.66,18.600983606557378,,462,73,108,30,3,67,446,172,0.386,216,78,0.361,48,40,0.833,0.10762331838565023,,,,,,
202691,Klay Thompson,2011,2012,,77.0,220.0,Guard,66,1607.665,24.358560606060607,,826,161,133,49,20,103,718,318,0.443,268,111,0.414,91,79,0.868,0.12674094707520892,,,,,,
202692,Alec Burks,2011,2012,,77.0,214.0,Guard,59,938.9033333333333,15.913615819209038,,425,132,55,27,5,51,357,153,0.429,45,15,0.333,143,104,0.727,0.4005602240896359,,,,,,
202695,Kawhi Leonard,2011,2012,,78.0,225.0,Forward,64,1534.3966666666668,23.974947916666668,,507,327,70,85,24,44,404,199,0.493,109,41,0.376,88,68,0.773,0.21782178217821782,,,,,,
202697,Iman Shumpert,2011,2012,,77.0,212.0,Guard,59,1705.4666666666667,28.906214689265536,,563,186,164,101,8,111,534,214,0.401,157,48,0.306,109,87,0.798,0.20411985018726592,,,,,,
202698,Chris Singleton,2011,2012,,81.0,228.0,Forward,66,1430.7383333333332,21.677853535353535,,306,233,49,70,30,38,312,116,0.372,127,44,0.346,44,30,0.682,0.14102564102564102,,,,,,
202699,Tobias Harris,2011,2012,,80.0,226.0,Forward,42,479.015,11.405119047619047,,208,101,22,13,7,31,169,79,0.467,23,6,0.261,54,44,0.815,0.31952662721893493,,,,,,
202704,Reggie Jackson,2011,2012,,74.0,208.0,Guard,45,500.7133333333333,11.126962962962962,,140,53,71,25,1,36,159,51,0.321,62,13,0.21,29,25,0.862,0.18238993710691823,,,,,,
202705,MarShon Brooks,2011,2012,,77.0,200.0,Guard,56,1648.3066666666666,29.434047619047618,,708,200,131,52,15,118,640,274,0.428,150,47,0.313,148,113,0.764,0.23125,,,,,,
202714,Shelvin Mack,2011,2012,,75.0,203.0,Guard,64,779.48,12.179375,,230,92,131,28,2,48,220,88,0.4,42,12,0.286,59,42,0.712,0.2681818181818182,,,,,,
202718,Chandler Parsons,2011,2012,,81.0,230.0,Forward,63,1804.365,28.640714285714285,,599,300,134,73,29,81,549,248,0.452,178,60,0.337,78,43,0.551,0.14207650273224043,,,,,,
202724,Charles Jenkins,2011,2012,,75.0,215.0,Guard,51,892.8933333333333,17.507712418300653,,297,68,170,33,6,60,291,130,0.447,20,3,0.15,39,34,0.872,0.13402061855670103,,,,,,
202738,Isaiah Thomas,2011,2012,,69.0,185.0,Guard,65,1655.44,25.468307692307693,,749,168,266,53,8,105,571,256,0.448,219,83,0.379,185,154,0.832,0.3239929947460595,,,,,,
203076,Anthony Davis,2012,2013,,82.0,253.0,Forward-Center,64,1845.9516666666666,28.842994791666666,,867,522,63,75,112,89,676,349,0.516,6,0,0.0,225,169,0.751,0.3328402366863905,,,,,,
203077,Michael Kidd-Gilchrist,2012,2013,,78.0,232.0,Forward,78,2024.7633333333333,25.958504273504275,,704,455,117,54,70,101,613,281,0.458,9,2,0.222,187,140,0.749,0.30505709624796085,,,,,,
203078,Bradley Beal,2012,2013,,76.0,207.0,Guard,56,1744.5716666666667,31.153065476190477,,780,211,137,50,29,90,687,282,0.41,236,91,0.386,159,125,0.786,0.2314410480349345,,,,,,
203079,Dion Waiters,2012,2013,,75.0,210.0,Guard,61,1756.305,28.79188524590164,,894,149,183,59,16,121,815,336,0.412,203,63,0.31,213,159,0.746,0.26134969325153373,,,,,,
203080,Thomas Robinson,2012,2013,,82.0,237.0,Forward,70,1055.715,15.081642857142857,,333,315,46,41,26,88,321,138,0.43,1,0,0.0,109,57,0.523,0.3395638629283489,,,,,,
203081,Damian Lillard,2012,2013,,74.0,200.0,Guard,82,3166.87,38.620365853658534,,1562,257,531,74,19,243,1288,553,0.429,503,185,0.368,321,271,0.844,0.24922360248447206,,,,,,
203084,Harrison Barnes,2012,2013,,79.0,225.0,Forward,81,2057.5316666666668,25.401625514403293,,748,333,98,52,14,101,628,276,0.439,145,52,0.359,190,144,0.758,0.30254777070063693,,,,,,
203085,Austin Rivers,2012,2013,,76.0,200.0,Guard,61,1417.55,23.238524590163934,,377,109,127,26,9,74,390,145,0.372,86,28,0.326,108,59,0.546,0.27692307692307694,,,,,,
203086,Meyers Leonard,2012,2013,,84.0,260.0,Forward-Center,69,1206.2516666666668,17.481908212560388,,377,255,33,11,38,49,277,151,0.545,7,3,0.429,89,72,0.809,0.3212996389891697,,,,,,
203090,Maurice Harkless,2012,2013,,79.0,220.0,Forward-Guard,76,1973.605,25.968486842105264,,625,335,50,88,62,69,564,260,0.461,117,32,0.274,128,73,0.57,0.22695035460992907,,,,,,
203092,Tyler Zeller,2012,2013,,83.0,250.0,Forward-Center,77,2033.1783333333333,26.40491341991342,,610,438,96,35,70,95,559,245,0.438,4,0,0.0,157,120,0.764,0.2808586762075134,,,,,,
203094,Andrew Nicholson,2012,2013,,81.0,250.0,Forward,75,1249.4083333333333,16.65877777777778,,587,258,44,24,32,79,486,256,0.527,0,0,0.0,94,75,0.798,0.1934156378600823,,,,,,
203104,Marquis Teague,2012,2013,,74.0,189.0,Guard,48,391.9216666666667,8.165034722222222,,99,44,63,9,7,35,113,43,0.381,23,4,0.174,16,9,0.563,0.1415929203539823,,,,,,
203109,Jae Crowder,2012,2013,,78.0,235.0,Forward,78,1353.165,17.34826923076923,,392,187,94,63,17,49,367,141,0.384,192,63,0.328,73,47,0.644,0.1989100817438692,,,,,,
203111,Orlando Johnson,2012,2013,,77.0,220.0,Guard,51,618.6566666666666,12.130522875816993,,203,110,47,11,9,29,180,72,0.4,94,36,0.383,32,23,0.719,0.17777777777777778,,,,,,
203112,Quincy Acy,2012,2013,,79.0,240.0,Forward,29,342.33666666666664,11.80471264367816,,116,77,11,13,15,17,75,42,0.56,2,1,0.5,38,31,0.816,0.5066666666666667,,,,,,
203115,Will Barton,2012,2013,,77.0,181.0,Guard,73,893.77,12.243424657534247,,295,145,58,34,9,60,309,118,0.382,65,9,0.138,65,50,0.769,0.21035598705501618,,,,,,
203117,Doron Lamb,2012,2013,,76.0,200.0,Guard,47,577.7783333333333,12.293156028368793,,154,46,32,13,0,26,163,60,0.368,37,14,0.378,34,20,0.588,0.2085889570552147,,,,,,
203121,Darius Miller,2012,2013,,78.0,225.0,Forward,52,694.0,13.346153846153847,,118,78,44,17,12,23,108,44,0.407,56,22,0.393,8,8,1.0,0.07407407407407407,,,,,,
203124,Kyle O'Quinn,2012,2013,,81.0,250.0,Center-Forward,57,637.9166666666666,11.191520467836257,,232,209,52,11,26,37,197,101,0.513,1,0,0.0,45,30,0.667,0.22842639593908629,,,,,,
203461,Anthony Bennett,2013,2014,,80.0,235.0,Forward,52,662.6383333333333,12.743044871794872,,217,155,17,21,8,47,225,80,0.356,53,13,0.245,69,44,0.638,0.30666666666666664,,,,,,
203506,Victor Oladipo,2013,2014,,75.0,213.0,Guard,80,2486.4933333333333,31.081166666666668,,1106,329,327,129,37,256,936,392,0.419,226,74,0.327,318,248,0.78,0.33974358974358976,,,,,,
203469,Cody Zeller,2013,2014,,83.0,240.0,Forward-Center,82,1416.6816666666666,17.27660569105691,,490,353,92,40,41,87,404,172,0.426,1,0,0.0,200,146,0.73,0.49504950495049505,,,,,,
203463,Ben McLemore,2013,2014,,75.0,195.0,Guard,82,2186.9066666666668,26.66959349593496,,720,235,82,45,18,96,679,255,0.376,297,95,0.32,143,115,0.804,0.2106038291605302,,,,,,
203484,Kentavious Caldwell-Pope,2013,2014,,77.0,204.0,Guard,80,1582.5133333333333,19.781416666666665,,470,156,55,75,12,28,460,182,0.396,185,59,0.319,61,47,0.77,0.13260869565217392,,,,,,
203504,Trey Burke,2013,2014,,72.0,185.0,Guard,70,2262.43,32.32042857142857,,895,208,396,42,6,131,897,341,0.38,336,111,0.33,113,102,0.903,0.12597547380156077,,,,,,
203468,CJ McCollum,2013,2014,,75.0,190.0,Guard,38,475.74,12.519473684210526,,201,48,27,14,2,35,178,74,0.416,80,30,0.375,34,23,0.676,0.19101123595505617,,,,,,
203487,Michael Carter-Williams,2013,2014,,77.0,190.0,Guard,70,2413.9133333333334,34.484476190476194,,1167,437,441,130,43,247,1054,427,0.405,208,55,0.264,367,258,0.703,0.34819734345351044,,,,,,
203482,Kelly Olynyk,2013,2014,,84.0,240.0,Forward-Center,70,1399.955,19.999357142857143,,607,365,109,35,27,106,502,234,0.466,114,40,0.351,122,99,0.811,0.24302788844621515,,,,,,
203507,Giannis Antetokounmpo,2013,2014,,83.0,243.0,Forward,77,1896.8083333333334,24.63387445887446,,525,339,150,60,61,122,418,173,0.414,118,41,0.347,202,138,0.683,0.48325358851674644,,,,,,
203501,Tim Hardaway Jr.,2013,2014,,77.0,205.0,Guard-Forward,81,1875.4783333333332,23.154053497942385,,824,121,66,44,7,47,687,294,0.428,358,130,0.363,128,106,0.828,0.18631732168850074,,,,,,
203460,Andre Roberson,2013,2014,,79.0,210.0,Guard-Forward,40,399.04333333333335,9.976083333333333,,75,94,15,19,10,19,68,33,0.485,13,2,0.154,10,7,0.7,0.14705882352941177,,,,,,
203462,Archie Goodwin,2013,2014,,77.0,205.0,Guard,52,532.88,10.247692307692308,,194,87,20,20,11,44,167,76,0.455,36,5,0.139,55,37,0.673,0.32934131736526945,,,,,,
203489,Nate Wolters,2013,2014,,76.0,190.0,Guard,58,1309.3583333333333,22.57514367816092,,417,149,187,35,15,57,389,170,0.437,62,18,0.29,90,59,0.656,0.23136246786632392,,,,,,
203527,Ryan Kelly,2013,2014,,83.0,230.0,Forward,59,1311.8666666666666,22.235028248587568,,472,219,95,32,45,47,371,157,0.423,142,48,0.338,135,110,0.815,0.3638814016172507,,,,,,
203952,Andrew Wiggins,2014,2015,,78.0,197.0,Forward,82,2968.7966666666666,36.20483739837398,,1387,374,170,86,50,177,1137,497,0.437,126,39,0.31,466,354,0.76,0.4098504837291117,,,,,,
203957,Dante Exum,2014,2015,,77.0,214.0,Guard,82,1817.05,22.159146341463416,,393,131,198,41,14,118,416,145,0.349,264,83,0.314,32,20,0.625,0.07692307692307693,,,,,,
203935,Marcus Smart,2014,2015,,75.0,220.0,Guard,67,1808.2266666666667,26.988457711442788,,523,222,208,99,18,90,477,175,0.367,272,91,0.335,127,82,0.646,0.2662473794549266,,,,,,
203901,Elfrid Payton,2014,2015,,75.0,195.0,Guard,82,2488.6666666666665,30.349593495934958,,731,349,533,142,20,203,708,301,0.425,42,11,0.262,214,118,0.551,0.3022598870056497,,,,,,
203897,Zach LaVine,2014,2015,,77.0,200.0,Guard,77,1901.7216666666666,24.69768398268398,,778,214,276,54,10,193,677,286,0.422,167,57,0.341,177,149,0.842,0.2614475627769572,,,,,,
203933,T.J. Warren,2014,2015,,80.0,220.0,Forward,40,614.13,15.35325,,245,85,25,18,9,27,214,113,0.528,21,5,0.238,19,14,0.737,0.08878504672897196,,,,,,
203940,Adreian Payne,2014,2015,,82.0,237.0,Forward,32,739.6383333333333,23.113697916666666,,213,162,30,19,9,44,220,91,0.414,9,1,0.111,46,30,0.652,0.20909090909090908,,,,,,
203994,Jusuf Nurkić,2014,2015,,83.0,290.0,Center,62,1103.2583333333334,17.79448924731183,,426,382,50,52,68,86,383,171,0.446,2,0,0.0,132,84,0.636,0.34464751958224543,,,,,,
203898,Tyler Ennis,2014,2015,,75.0,194.0,Guard,33,411.42333333333335,12.467373737373737,,121,35,73,18,5,42,144,52,0.361,43,12,0.279,7,5,0.714,0.04861111111111111,,,,,,
203894,Shabazz Napier,2014,2015,,72.0,175.0,Guard,51,1011.58,19.834901960784315,,261,113,130,40,4,81,228,87,0.382,118,43,0.364,56,44,0.786,0.24561403508771928,,,,,,
203937,Kyle Anderson,2014,2015,,80.0,230.0,Forward-Guard,33,358.08,10.85090909090909,,74,72,28,15,7,10,89,31,0.348,11,3,0.273,14,9,0.643,0.15730337078651685,,,,,,
203909,K.J. McDaniels,2014,2015,,78.0,205.0,Guard-Forward,62,1351.895,21.80475806451613,,487,200,72,44,70,105,434,172,0.396,150,43,0.287,133,100,0.752,0.3064516129032258,,,,,,
203924,Jerami Grant,2014,2015,,79.0,213.0,Forward,65,1376.5483333333334,21.177666666666667,,411,198,79,40,68,85,352,124,0.352,156,49,0.314,193,114,0.591,0.5482954545454546,,,,,,
203900,Markel Brown,2014,2015,,75.0,190.0,Guard,47,781.4166666666666,16.625886524822693,,216,107,39,31,12,27,210,76,0.362,64,17,0.266,57,47,0.825,0.2714285714285714,,,,,,
203903,Jordan Clarkson,2014,2015,,77.0,194.0,Guard,59,1475.8233333333333,25.013954802259885,,703,191,206,51,12,96,596,267,0.448,121,38,0.314,158,131,0.829,0.2651006711409396,,,,,,
1626157,Karl-Anthony Towns,2015,2016,,84.0,248.0,Center-Forward,82,2626.485,32.03030487804878,,1503,858,161,58,138,183,1153,625,0.542,88,30,0.341,275,223,0.811,0.23850823937554205,,,,,,
1626156,D'Angelo Russell,2015,2016,,75.0,193.0,Guard,80,2259.08,28.2385,,1054,274,266,93,13,196,956,392,0.41,370,130,0.351,190,140,0.737,0.19874476987447698,,,,,,
1626143,Jahlil Okafor,2015,2016,,82.0,270.0,Center-Forward,53,1590.565,30.01066037735849,,928,373,65,22,61,124,781,397,0.508,6,1,0.167,194,133,0.686,0.24839948783610755,,,,,,
204001,Kristaps Porziņģis,2015,2016,,86.0,240.0,Forward-Center,72,2046.4616666666666,28.423078703703702,,1028,526,94,53,134,121,886,373,0.421,243,81,0.333,240,201,0.838,0.2708803611738149,,,,,,
1626209,Mario Hezonja,2015,2016,,80.0,220.0,Forward-Guard,79,1412.8533333333332,17.8842194092827,,478,176,109,39,17,97,418,181,0.433,192,67,0.349,54,49,0.907,0.1291866028708134,,,,,,
1626161,Willie Cauley-Stein,2015,2016,,84.0,240.0,Center,66,1411.545,21.387045454545454,,463,352,37,47,66,46,339,191,0.563,2,0,0.0,125,81,0.648,0.3687315634218289,,,,,,
1626144,Emmanuel Mudiay,2015,2016,,75.0,200.0,Guard,68,2067.8866666666668,30.410098039215686,,872,232,372,65,35,217,905,329,0.364,232,74,0.319,209,140,0.67,0.23093922651933702,,,,,,
1626169,Stanley Johnson,2015,2016,,78.0,242.0,Forward-Guard,73,1687.0716666666667,23.11057077625571,,593,306,118,55,12,114,600,225,0.375,205,63,0.307,102,80,0.784,0.17,,,,,,
1626163,Frank Kaminsky,2015,2016,,84.0,240.0,Forward-Center,81,1707.5733333333333,21.081152263374484,,606,335,98,38,43,58,525,215,0.41,202,68,0.337,148,108,0.73,0.2819047619047619,,,,,,
1626159,Justise Winslow,2015,2016,,78.0,222.0,Forward-Guard,78,2232.135,28.61711538461539,,502,403,118,68,26,95,462,195,0.422,116,32,0.276,117,80,0.684,0.2532467532467532,,,,,,
1626167,Myles Turner,2015,2016,,83.0,250.0,Center-Forward,60,1367.185,22.786416666666664,,619,332,41,25,86,67,530,264,0.498,14,3,0.214,121,88,0.727,0.22830188679245284,,,,,,
1626168,Trey Lyles,2015,2016,,81.0,234.0,Forward,80,1382.3933333333334,17.27991666666667,,488,299,59,26,18,65,436,191,0.438,128,49,0.383,82,57,0.695,0.18807339449541285,,,,,,
1626164,Devin Booker,2015,2016,,77.0,206.0,Guard,76,2107.665,27.732434210526314,,1048,187,200,44,20,160,867,367,0.423,289,99,0.343,256,215,0.84,0.2952710495963091,,,,,,
1626166,Cameron Payne,2015,2016,,75.0,183.0,Guard,57,697.6133333333333,12.238830409356725,,283,85,108,36,6,44,278,114,0.41,111,36,0.324,24,19,0.792,0.08633093525179857,,,,,,
1626179,Terry Rozier,2015,2016,,73.0,190.0,Guard,39,311.325,7.982692307692307,,72,63,37,6,1,19,106,29,0.274,27,6,0.222,10,8,0.8,0.09433962264150944,,,,,,
1626173,Rashad Vaughn,2015,2016,,78.0,202.0,Guard,70,1000.6933333333334,14.295619047619049,,217,88,39,29,16,28,266,81,0.305,147,43,0.293,15,12,0.8,0.05639097744360902,,,,,,
1626170,Jerian Grant,2015,2016,,76.0,198.0,Guard,76,1264.7733333333333,16.641754385964912,,426,143,177,50,10,87,391,154,0.394,100,22,0.22,123,96,0.78,0.3145780051150895,,,,,,
1626147,Justin Anderson,2015,2016,,77.0,231.0,Forward-Guard,55,646.8766666666667,11.761393939393939,,208,132,29,19,25,24,175,71,0.406,83,22,0.265,55,44,0.8,0.3142857142857143,,,,,,
1626171,Bobby Portis,2015,2016,,81.0,250.0,Forward,62,1102.08,17.77548387096774,,436,337,52,25,22,54,436,186,0.427,52,16,0.308,66,48,0.727,0.15137614678899083,,,,,,
1626145,Tyus Jones,2015,2016,,72.0,196.0,Guard,37,572.72,15.47891891891892,,156,47,108,31,3,33,156,56,0.359,53,16,0.302,39,28,0.718,0.25,,,,,,
1626185,Jarell Martin,2015,2016,,82.0,239.0,Forward,27,379.54,14.057037037037038,,153,86,15,8,7,19,116,54,0.466,2,0,0.0,62,45,0.726,0.5344827586206896,,,,,,
1626149,Montrezl Harrell,2015,2016,,79.0,240.0,Forward-Center,39,378.6116666666667,9.707991452991454,,140,65,17,11,11,17,90,58,0.644,1,0,0.0,46,24,0.522,0.5111111111111111,,,,,,
1626158,Richaun Holmes,2015,2016,,81.0,235.0,Forward,51,702.0016666666667,13.764738562091503,,287,135,33,19,40,32,222,114,0.514,44,8,0.182,74,51,0.689,0.3333333333333333,,,,,,
1626199,Darrun Hilliard,2015,2016,,78.0,220.0,Guard,38,383.01666666666665,10.07938596491228,,152,45,27,9,1,19,131,52,0.397,50,19,0.38,40,29,0.725,0.3053435114503817,,,,,,
201977,Marcus Thornton,2015,2016,,76.0,205.0,Guard-Forward,61,1108.0783333333334,18.165218579234974,,590,150,84,47,4,51,542,216,0.399,270,91,0.337,79,67,0.848,0.14575645756457564,,,,,,
1627742,Brandon Ingram,2016,2017,,80.0,190.0,Forward,79,2279.2616666666668,28.851413502109708,,740,316,166,50,36,116,686,276,0.402,187,55,0.294,214,133,0.621,0.3119533527696793,,,,,,
1627759,Jaylen Brown,2016,2017,,78.0,223.0,Guard-Forward,78,1341.3266666666666,17.196495726495726,,515,220,64,35,18,68,422,192,0.455,134,46,0.343,124,85,0.685,0.2938388625592417,,,,,,
1627739,Kris Dunn,2016,2017,,75.0,205.0,Guard,78,1333.0,17.08974358974359,,293,166,188,78,36,89,313,118,0.377,73,21,0.288,59,36,0.61,0.18849840255591055,,,,,,
1627741,Buddy Hield,2016,2017,,76.0,220.0,Guard,82,1888.1833333333334,23.026626016260163,,866,269,121,38,9,101,767,327,0.426,379,148,0.391,76,64,0.842,0.09908735332464146,,,,,,
1627750,Jamal Murray,2016,2017,,76.0,215.0,Guard,82,1764.6433333333334,21.520040650406504,,811,214,170,51,24,113,730,295,0.404,344,115,0.334,120,106,0.883,0.1643835616438356,,,,,,
1627737,Marquese Chriss,2016,2017,,81.0,240.0,Forward,82,1743.36,21.260487804878046,,753,348,60,67,70,108,632,284,0.449,224,72,0.321,181,113,0.624,0.28639240506329117,,,,,,
1627748,Thon Maker,2016,2017,,84.0,221.0,Forward-Center,57,562.1883333333334,9.86295321637427,,226,114,23,10,26,17,181,83,0.459,74,28,0.378,49,32,0.653,0.27071823204419887,,,,,,
1627734,Domantas Sabonis,2016,2017,,82.0,240.0,Forward-Center,81,1631.4883333333332,20.141831275720165,,479,288,82,39,32,83,481,192,0.399,159,51,0.321,67,44,0.657,0.1392931392931393,,,,,,
1627761,DeAndre' Bembry,2016,2017,,77.0,210.0,Guard-Forward,38,370.74,9.756315789473684,,101,59,28,8,5,16,98,47,0.48,18,1,0.056,16,6,0.375,0.16326530612244897,,,,,,
1627789,Timothé Luwawu-Cabarrot,2016,2017,,79.0,215.0,Guard-Forward,69,1189.91,17.245072463768118,,445,149,75,32,10,73,361,145,0.402,161,50,0.311,123,105,0.854,0.3407202216066482,,,,,,
1627746,Skal Labissière,2016,2017,,82.0,235.0,Forward-Center,33,611.6383333333333,18.53449494949495,,289,162,27,16,13,37,218,117,0.537,8,3,0.375,74,52,0.703,0.3394495412844037,,,,,,
1627826,Ivica Zubac,2016,2017,,84.0,240.0,Center,38,608.515,16.013552631578946,,284,159,30,14,33,30,238,126,0.529,3,0,0.0,49,32,0.653,0.20588235294117646,,,,,,
1627763,Malcolm Brogdon,2016,2017,,76.0,229.0,Guard,75,1982.39,26.431866666666668,,767,213,317,84,12,113,635,290,0.457,193,78,0.404,126,109,0.865,0.1984251968503937,,,,,,
1627775,Patrick McCaw,2016,2017,,79.0,181.0,Guard,71,1073.995,15.126690140845069,,282,100,77,32,15,36,245,106,0.433,123,41,0.333,37,29,0.784,0.1510204081632653,,,,,,
1627785,Isaiah Whitehead,2016,2017,,76.0,213.0,Guard,73,1643.4716666666666,22.513310502283105,,543,184,192,42,36,142,508,204,0.402,149,44,0.295,113,91,0.805,0.22244094488188976,,,,,,
1627835,Paul Zipser,2016,2017,,80.0,226.0,Forward,44,843.38,19.167727272727273,,240,125,36,15,16,40,221,88,0.398,99,33,0.333,40,31,0.775,0.18099547511312217,,,,,,
1628366,Lonzo Ball,2017,2018,,77.0,190.0,Guard,52,1780.0566666666666,34.23185897435897,,528,360,376,88,43,136,564,203,0.36,295,90,0.305,71,32,0.451,0.12588652482269502,,,,,,
1628369,Jayson Tatum,2017,2018,,80.0,210.0,Forward-Guard,80,2442.911666666667,30.536395833333337,,1112,402,128,83,58,114,835,397,0.475,242,105,0.434,258,213,0.826,0.3089820359281437,,,,,,
1628367,Josh Jackson,2017,2018,,80.0,207.0,Guard-Forward,77,1959.2183333333332,25.444393939393937,,1012,351,119,80,35,146,932,389,0.417,217,57,0.263,279,177,0.634,0.29935622317596566,,,,,,
1628368,De'Aaron Fox,2017,2018,,75.0,185.0,Guard,73,2025.53,27.746986301369862,,844,204,320,70,20,173,797,328,0.412,153,47,0.307,195,141,0.723,0.24466750313676286,,,,,,
1628374,Lauri Markkanen,2017,2018,,85.0,240.0,Forward-Center,68,2020.02,29.706176470588236,,1033,508,79,39,40,83,862,374,0.434,401,145,0.362,166,140,0.843,0.1925754060324826,,,,,,
1628373,Frank Ntilikina,2017,2018,,76.0,200.0,Guard,78,1705.6483333333333,21.867286324786324,,463,177,250,65,18,131,500,182,0.364,157,50,0.318,68,49,0.721,0.136,,,,,,
1628372,Dennis Smith Jr.,2017,2018,,75.0,205.0,Guard,69,2049.105,29.69717391304348,,1048,260,358,71,18,194,1024,404,0.395,339,106,0.313,193,134,0.694,0.1884765625,,,,,,
1628370,Malik Monk,2017,2018,,75.0,200.0,Guard,63,853.505,13.547698412698413,,421,66,91,20,9,49,425,153,0.36,243,83,0.342,38,32,0.842,0.08941176470588236,,,,,,
1628379,Luke Kennard,2017,2018,,77.0,206.0,Guard,73,1462.7733333333333,20.037990867579907,,558,176,124,44,13,69,465,206,0.443,195,81,0.415,76,65,0.855,0.16344086021505377,,,,,,
1628378,Donovan Mitchell,2017,2018,,74.0,215.0,Guard,79,2638.11,33.393797468354435,,1616,296,291,118,27,215,1362,595,0.437,550,187,0.34,297,239,0.805,0.21806167400881057,,,,,,
1628389,Bam Adebayo,2017,2018,,81.0,255.0,Center-Forward,69,1368.185,19.82876811594203,,477,381,101,32,41,66,340,174,0.512,7,0,0.0,179,129,0.721,0.5264705882352941,,,,,,
1628382,Justin Jackson,2017,2018,,80.0,220.0,Forward,68,1506.2583333333334,22.150857843137256,,453,187,74,28,13,40,419,185,0.442,185,57,0.308,36,26,0.722,0.08591885441527446,,,,,,
1628388,T.J. Leaf,2017,2018,,82.0,222.0,Forward,53,459.24333333333334,8.66496855345912,,156,82,9,5,4,10,136,64,0.471,42,18,0.429,16,10,0.625,0.11764705882352941,,,,,,
1628381,John Collins,2017,2018,,81.0,226.0,Forward-Center,74,1784.62,24.116486486486487,,777,541,98,47,80,105,545,314,0.576,47,16,0.34,186,133,0.715,0.3412844036697248,,,,,,
1628386,Jarrett Allen,2017,2018,,81.0,243.0,Center,72,1441.115,20.015486111111112,,587,388,49,28,88,82,397,234,0.589,15,5,0.333,147,114,0.776,0.3702770780856423,,,,,,
1628384,OG Anunoby,2017,2018,,79.0,240.0,Forward-Guard,74,1481.4616666666666,20.01975225225225,,438,184,55,52,14,45,346,163,0.471,197,73,0.371,62,39,0.629,0.1791907514450867,,,,,,
1628398,Kyle Kuzma,2017,2018,,80.0,221.0,Forward,77,2400.905,31.18058441558442,,1242,483,141,49,34,140,1039,468,0.45,434,159,0.366,208,147,0.707,0.20019249278152068,,,,,,
1628404,Josh Hart,2017,2018,,77.0,215.0,Guard,63,1460.5216666666668,23.1828835978836,,496,263,80,47,16,47,375,176,0.469,197,78,0.396,94,66,0.702,0.25066666666666665,,,,,,
1628411,Wes Iwundu,2017,2018,,78.0,195.0,Forward,62,1020.305,16.456532258064517,,229,137,57,33,12,30,218,93,0.427,46,9,0.196,47,34,0.723,0.21559633027522937,,,,,,
1628412,Frank Mason III,2017,2018,,71.0,190.0,Guard,52,983.9933333333333,18.922948717948717,,413,130,147,34,10,65,380,144,0.379,86,31,0.36,115,94,0.817,0.3026315789473684,,,,,,
1628397,Ivan Rabb,2017,2018,,82.0,220.0,Forward,36,515.61,14.3225,,201,158,32,12,13,35,152,86,0.566,0,0,0.0,36,29,0.806,0.23684210526315788,,,,,,
1628400,Semi Ojeleye,2017,2018,,78.0,240.0,Forward,73,1150.21,15.756301369863014,,195,161,20,21,4,25,188,65,0.346,125,40,0.32,41,25,0.61,0.21808510638297873,,,,,,
1628395,Jordan Bell,2017,2018,,79.0,216.0,Forward,57,808.9133333333333,14.191461988304093,,262,207,102,35,56,51,185,116,0.627,4,0,0.0,44,30,0.682,0.23783783783783785,,,,,,
1628407,Dwayne Bacon,2017,2018,,78.0,221.0,Guard-Forward,53,712.9983333333333,13.452798742138365,,175,124,38,16,2,23,192,72,0.375,43,11,0.256,25,20,0.8,0.13020833333333334,,,,,,
1628416,Tyler Dorsey,2017,2018,,76.0,180.0,Guard,56,974.21,17.396607142857142,,405,130,79,17,5,37,382,144,0.377,199,72,0.362,63,45,0.714,0.1649214659685864,,,,,,
1628415,Dillon Brooks,2017,2018,,79.0,225.0,Guard-Forward,82,2349.8316666666665,28.656483739837395,,898,257,135,73,17,124,772,340,0.44,264,94,0.356,166,124,0.747,0.21502590673575128,,,,,,
1628425,Sterling Brown,2017,2018,,77.0,219.0,Guard-Forward,54,776.4466666666667,14.378641975308643,,217,143,25,31,13,25,205,82,0.4,91,32,0.352,24,21,0.875,0.11707317073170732,,,,,,
1628414,Sindarius Thornwell,2017,2018,,76.0,215.0,Guard,73,1155.88,15.833972602739728,,282,140,68,48,25,53,233,100,0.429,61,23,0.377,88,59,0.67,0.3776824034334764,,,,,,
1629028,Deandre Ayton,2018,2019,,84.0,252.0,Center,71,2182.6883333333335,30.74208920187794,,1159,729,125,61,67,126,870,509,0.585,4,0,0.0,189,141,0.746,0.21724137931034482,,,,,,
1628963,Marvin Bagley III,2018,2019,,82.0,235.0,Forward,62,1567.495,25.282177419354838,,923,471,62,33,59,98,706,356,0.504,96,30,0.313,262,181,0.691,0.37110481586402266,,,,,,
1629029,Luka Dončić,2018,2019,,80.0,230.0,Forward-Guard,72,2317.74,32.19083333333333,,1526,563,429,77,25,247,1186,506,0.427,514,168,0.327,485,346,0.713,0.40893760539629004,,,,,,
1628991,Jaren Jackson Jr.,2018,2019,,82.0,242.0,Forward-Center,58,1514.6883333333333,26.11531609195402,,798,272,64,52,82,98,589,298,0.506,142,51,0.359,197,151,0.766,0.33446519524617996,,,,,,
1629027,Trae Young,2018,2019,,74.0,164.0,Guard,81,2503.2816666666668,30.90471193415638,,1549,301,653,72,15,308,1256,525,0.418,482,156,0.324,414,343,0.829,0.32961783439490444,,,,,,
1628964,Mo Bamba,2018,2019,,84.0,231.0,Center,47,766.1933333333334,16.301985815602837,,292,233,39,13,64,43,243,117,0.481,70,21,0.3,63,37,0.587,0.25925925925925924,,,,,,
1628976,Wendell Carter Jr.,2018,2019,,82.0,270.0,Center-Forward,44,1109.8,25.222727272727273,,455,307,78,26,58,65,371,180,0.485,32,6,0.188,112,89,0.795,0.3018867924528302,,,,,,
1629012,Collin Sexton,2018,2019,,75.0,190.0,Guard,82,2605.0233333333335,31.76857723577236,,1371,236,243,44,6,185,1206,519,0.43,296,119,0.402,255,214,0.839,0.21144278606965175,,,,,,
1628969,Mikal Bridges,2018,2019,,78.0,209.0,Guard-Forward,82,2417.115,29.477012195121947,,684,264,173,129,38,70,563,242,0.43,313,105,0.335,118,95,0.805,0.20959147424511546,,,,,,
1628983,Shai Gilgeous-Alexander,2018,2019,,78.0,195.0,Guard,82,2173.9066666666668,26.511056910569106,,889,232,270,96,45,141,716,341,0.476,139,51,0.367,195,156,0.8,0.2723463687150838,,,,,,
1628970,Miles Bridges,2018,2019,,79.0,225.0,Forward,80,1696.3333333333333,21.204166666666666,,597,323,95,55,49,50,511,237,0.464,200,65,0.325,77,58,0.753,0.1506849315068493,,,,,,
1629010,Jerome Robinson,2018,2019,,77.0,190.0,Guard,33,320.52,9.712727272727273,,112,41,19,11,3,13,110,44,0.4,57,18,0.316,9,6,0.667,0.08181818181818182,,,,,,
1628989,Kevin Huerter,2018,2019,,78.0,198.0,Guard-Forward,75,2048.53,27.313733333333335,,727,245,214,65,25,109,657,275,0.419,353,136,0.385,56,41,0.732,0.0852359208523592,,,,,,
1629006,Josh Okogie,2018,2019,,76.0,213.0,Guard,74,1757.17,23.745540540540542,,570,218,91,88,33,63,508,196,0.386,215,60,0.279,162,118,0.728,0.3188976377952756,,,,,,
1628960,Grayson Allen,2018,2019,,75.0,198.0,Guard,38,416.29333333333335,10.955087719298247,,211,23,25,6,6,33,178,67,0.376,99,32,0.323,60,45,0.75,0.33707865168539325,,,,,,
1628990,Chandler Hutchison,2018,2019,,78.0,210.0,Forward-Guard,44,894.615,20.33215909090909,,229,185,34,23,6,25,209,96,0.459,50,14,0.28,38,23,0.605,0.18181818181818182,,,,,,
1629021,Moritz Wagner,2018,2019,,83.0,245.0,Forward-Center,43,446.18,10.376279069767442,,207,85,24,11,13,39,171,71,0.415,77,22,0.286,53,43,0.811,0.30994152046783624,,,,,,
1629013,Landry Shamet,2018,2019,,77.0,190.0,Guard,79,1801.8933333333334,22.808776371308017,,722,134,117,37,10,45,557,240,0.431,396,167,0.422,93,75,0.806,0.16696588868940754,,,,,,
1629016,Omari Spellman,2018,2019,,80.0,245.0,Forward,46,804.5416666666666,17.49003623188406,,272,194,47,26,25,31,244,98,0.402,128,44,0.344,45,32,0.711,0.18442622950819673,,,,,,
1629059,Elie Okobo,2018,2019,,75.0,190.0,Forward-Guard,53,958.19,18.079056603773587,,304,98,127,32,7,69,290,114,0.393,132,39,0.295,47,37,0.787,0.16206896551724137,,,,,,
1628975,Jevon Carter,2018,2019,,72.0,200.0,Guard,39,576.5016666666667,14.782094017094018,,172,66,69,26,11,33,185,56,0.303,102,34,0.333,32,26,0.813,0.17297297297297298,,,,,,
1628973,Jalen Brunson,2018,2019,,74.0,190.0,Guard,73,1591.2583333333334,21.798059360730594,,678,169,230,37,4,88,565,264,0.467,181,63,0.348,120,87,0.725,0.21238938053097345,,,,,,
1629011,Mitchell Robinson,2018,2019,,84.0,240.0,Center-Forward,66,1359.5083333333334,20.59861111111111,,485,423,37,52,161,35,291,202,0.694,0,0,0.0,135,81,0.6,0.4639175257731959,,,,,,
1629066,Rodions Kurucs,2018,2019,,81.0,228.0,Forward,63,1293.75,20.535714285714285,,534,246,52,41,25,77,449,202,0.45,184,58,0.315,92,72,0.783,0.20489977728285078,,,,,,
1628971,Bruce Brown,2018,2019,,76.0,202.0,Guard-Forward,74,1449.3166666666666,19.585360360360358,,319,185,91,40,36,46,314,125,0.398,93,24,0.258,60,45,0.75,0.1910828025477707,,,,,,
1628382,Justin Jackson,2018,2019,,80.0,220.0,Forward,81,1613.25,19.916666666666668,,583,212,96,32,14,29,485,217,0.447,245,87,0.355,79,62,0.785,0.16288659793814433,,,,,,
1628977,Hamidou Diallo,2018,2019,,77.0,202.0,Guard,51,526.28,10.319215686274509,,190,97,17,21,10,23,165,75,0.455,24,4,0.167,59,36,0.61,0.3575757575757576,,,,,,
1629001,De'Anthony Melton,2018,2019,,74.0,200.0,Guard,50,983.89,19.6778,,250,134,159,68,23,75,256,100,0.391,95,29,0.305,28,21,0.75,0.109375,,,,,,
1629004,Svi Mykhailiuk,2018,2019,,79.0,205.0,Guard-Forward,42,440.13,10.479285714285714,,133,36,37,14,1,21,140,46,0.329,89,29,0.326,20,12,0.6,0.14285714285714285,,,,,,
1628966,Keita Bates-Diop,2018,2019,,80.0,229.0,Forward,30,503.37666666666667,16.779222222222224,,151,83,17,18,14,14,142,60,0.423,52,13,0.25,28,18,0.643,0.19718309859154928,,,,,,
1629630,Ja Morant,2019,2020,,74.0,174.0,Guard,67,2074.3233333333333,30.96004975124378,,1193,259,488,58,18,220,937,447,0.477,179,60,0.335,308,239,0.776,0.3287086446104589,,,,,,
1629628,RJ Barrett,2019,2020,,78.0,214.0,Forward-Guard,56,1704.4216666666666,30.43610119047619,,803,279,143,55,17,124,727,292,0.402,197,63,0.32,254,156,0.614,0.3493810178817056,,,,,,
1629631,De'Andre Hunter,2019,2020,,79.0,221.0,Forward-Guard,63,2017.935,32.03071428571428,,778,286,112,44,18,103,683,280,0.41,304,108,0.355,144,110,0.764,0.2108345534407028,,,,,,
1629636,Darius Garland,2019,2020,,73.0,192.0,Guard,59,1823.9683333333332,30.91471751412429,,728,111,229,42,4,151,699,280,0.401,296,105,0.355,72,63,0.875,0.10300429184549356,,,,,,
1629633,Jarrett Culver,2019,2020,,78.0,195.0,Guard-Forward,63,1505.6066666666666,23.898518518518518,,580,212,110,57,38,81,569,230,0.404,221,66,0.299,117,54,0.462,0.2056239015817223,,,,,,
1629632,Coby White,2019,2020,,76.0,195.0,Guard,65,1674.0,25.753846153846155,,859,230,175,49,6,109,792,312,0.394,376,133,0.354,129,102,0.791,0.16287878787878787,,,,,,
1629637,Jaxson Hayes,2019,2020,,84.0,220.0,Center-Forward,64,1079.715,16.870546875,,472,259,56,26,55,53,259,174,0.672,4,1,0.25,190,123,0.647,0.7335907335907336,,,,,,
1629060,Rui Hachimura,2019,2020,,80.0,230.0,Forward,48,1444.0316666666668,30.083993055555556,,649,294,87,37,8,53,545,254,0.466,87,25,0.287,140,116,0.829,0.25688073394495414,,,,,,
1629629,Cam Reddish,2019,2020,,79.0,217.0,Forward-Guard,58,1550.745,26.736982758620687,,610,216,87,62,28,96,554,213,0.384,250,83,0.332,126,101,0.802,0.22743682310469315,,,,,,
1629023,P.J. Washington,2019,2020,,79.0,230.0,Forward,58,1758.9916666666666,30.32744252873563,,710,316,123,51,44,93,589,268,0.455,230,86,0.374,136,88,0.647,0.23089983022071306,,,,,,
1629639,Tyler Herro,2019,2020,,77.0,195.0,Guard,55,1508.08,27.41963636363636,,743,224,121,34,9,87,631,270,0.428,298,116,0.389,100,87,0.87,0.15847860538827258,,,,,,
1629635,Sekou Doumbouya,2019,2020,,81.0,230.0,Forward,38,753.7266666666667,19.834912280701754,,243,118,19,20,8,35,236,92,0.39,98,28,0.286,46,31,0.674,0.19491525423728814,,,,,,
1629638,Nickeil Alexander-Walker,2019,2020,,77.0,205.0,Guard,47,590.8033333333333,12.570283687943261,,267,84,89,17,8,54,266,98,0.368,133,46,0.346,37,25,0.676,0.13909774436090225,,,,,,
1629048,Goga Bitadze,2019,2020,,83.0,250.0,Center-Forward,54,471.2916666666667,8.727623456790123,,172,106,23,10,37,28,150,70,0.467,42,8,0.19,33,24,0.727,0.22,,,,,,
1629680,Matisse Thybulle,2019,2020,,77.0,202.0,Guard-Forward,65,1287.4316666666666,19.806641025641024,,305,107,79,93,47,51,265,112,0.423,157,56,0.357,41,25,0.61,0.15471698113207547,,,,,,
1629634,Brandon Clarke,2019,2020,,80.0,215.0,Forward,58,1300.02,22.41413793103448,,700,345,81,32,48,55,479,296,0.618,64,23,0.359,112,85,0.759,0.23382045929018788,,,,,,
1629684,Grant Williams,2019,2020,,79.0,236.0,Forward,69,1043.2233333333334,15.119178743961353,,237,178,68,30,36,50,211,87,0.412,96,24,0.25,54,39,0.722,0.2559241706161137,,,,,,
1629660,Ty Jerome,2019,2020,,77.0,195.0,Guard-Forward,31,327.59,10.567419354838709,,102,46,44,15,3,18,113,38,0.336,50,14,0.28,16,12,0.75,0.1415929203539823,,,,,,
1629642,Nassir Little,2019,2020,,78.0,220.0,Forward-Guard,48,572.485,11.926770833333334,,172,108,22,13,14,15,151,65,0.43,59,14,0.237,44,28,0.636,0.2913907284768212,,,,,,
1629673,Jordan Poole,2019,2020,,76.0,194.0,Guard,57,1273.89,22.348947368421054,,503,118,134,35,10,74,502,167,0.333,265,74,0.279,119,95,0.798,0.23705179282868527,,,,,,
1629645,Kevin Porter Jr.,2019,2020,,77.0,203.0,Guard-Forward,50,1161.72,23.2344,,498,162,109,46,14,93,421,186,0.442,158,53,0.335,101,73,0.723,0.23990498812351543,,,,,,
1628998,Cody Martin,2019,2020,,78.0,205.0,Forward,48,902.695,18.806145833333336,,238,158,95,39,9,44,207,89,0.43,77,18,0.234,65,42,0.646,0.3140096618357488,,,,,,
1629655,Daniel Gafford,2019,2020,,82.0,265.0,Forward-Center,43,609.0533333333333,14.164031007751937,,220,106,21,13,56,29,134,94,0.701,0,0,0.0,60,32,0.533,0.44776119402985076,,,,,,
1629672,Eric Paschall,2019,2020,,78.0,255.0,Forward,60,1653.795,27.56325,,837,275,127,32,13,94,640,318,0.497,129,37,0.287,212,164,0.774,0.33125,,,,,,
1629611,Terance Mann,2019,2020,,78.0,215.0,Guard-Forward,41,362.12,8.83219512195122,,99,55,53,11,5,18,79,37,0.468,20,7,0.35,27,18,0.667,0.34177215189873417,,,,,,
1630162,Anthony Edwards,2020,2021,,76.0,225.0,Guard,72,2314.1666666666665,32.1412037037037,,1392,336,211,82,36,160,1211,505,0.417,520,171,0.329,272,211,0.776,0.22460776218001652,,,,,,
1630163,LaMelo Ball,2020,2021,,79.0,180.0,Guard,51,1468.5733333333333,28.795555555555556,,803,302,313,81,18,145,672,293,0.436,261,92,0.352,165,125,0.758,0.24553571428571427,,,,,,
1630172,Patrick Williams,2020,2021,,78.0,215.0,Forward,71,1983.3566666666666,27.934600938967133,,655,327,99,64,46,98,528,255,0.483,138,54,0.391,125,91,0.728,0.23674242424242425,,,,,,
1630171,Isaac Okoro,2020,2021,,76.0,225.0,Forward-Guard,67,2173.235,32.43634328358209,,646,206,128,62,24,86,559,235,0.42,214,62,0.29,157,114,0.726,0.2808586762075134,,,,,,
1630168,Onyeka Okongwu,2020,2021,,82.0,240.0,Forward-Center,50,601.2083333333334,12.024166666666668,,228,163,18,23,33,29,149,96,0.644,3,0,0.0,57,36,0.632,0.3825503355704698,,,,,,
1630167,Obi Toppin,2020,2021,,81.0,220.0,Forward,62,683.08,11.01741935483871,,253,138,29,17,15,23,209,104,0.498,85,26,0.306,26,19,0.731,0.12440191387559808,,,,,,
1630169,Tyrese Haliburton,2020,2021,,77.0,185.0,Guard,58,1745.6766666666667,30.097873563218393,,753,173,309,77,28,92,619,292,0.472,296,121,0.409,56,48,0.857,0.09046849757673667,,,,,,
1630184,Kira Lewis Jr.,2020,2021,,73.0,170.0,Guard,54,904.4433333333334,16.748950617283953,,343,71,124,38,10,34,337,130,0.386,120,40,0.333,51,43,0.843,0.1513353115727003,,,,,,
1630174,Aaron Nesmith,2020,2021,,77.0,215.0,Guard-Forward,46,668.7316666666667,14.537644927536233,,218,127,23,15,9,23,178,78,0.438,108,40,0.37,28,22,0.786,0.15730337078651685,,,,,,
1630191,Isaiah Stewart,2020,2021,,80.0,250.0,Forward-Center,68,1454.8283333333334,21.39453431372549,,537,453,59,39,86,67,409,226,0.553,63,21,0.333,92,64,0.696,0.22493887530562348,,,,,,
1630197,Aleksej Pokusevski,2020,2021,,84.0,210.0,Forward,45,1089.915,24.220333333333333,,367,212,97,20,42,99,408,139,0.341,207,58,0.28,42,31,0.738,0.10294117647058823,,,,,,
1630182,Josh Green,2020,2021,,78.0,200.0,Guard,39,444.63166666666666,11.400811965811966,,101,78,28,16,3,17,93,42,0.452,25,4,0.16,23,13,0.565,0.24731182795698925,,,,,,
1630180,Saddiq Bey,2020,2021,,80.0,215.0,Guard-Forward,70,1909.0166666666667,27.271666666666665,,857,318,95,52,14,60,691,279,0.404,460,175,0.38,147,124,0.844,0.21273516642547033,,,,,,
1630192,Zeke Nnaji,2020,2021,,82.0,240.0,Forward-Center,42,397.2783333333333,9.459007936507936,,136,65,10,8,4,7,104,50,0.481,59,24,0.407,15,12,0.8,0.14423076923076922,,,,,,
1630202,Payton Pritchard,2020,2021,,73.0,195.0,Guard,66,1267.5583333333334,19.205429292929296,,510,158,120,37,9,53,418,184,0.44,248,102,0.411,45,40,0.889,0.1076555023923445,,,,,,
1630183,Jaden McDaniels,2020,2021,,81.0,185.0,Forward,63,1510.7833333333333,23.98068783068783,,427,232,71,35,60,47,367,164,0.447,198,72,0.364,45,27,0.6,0.1226158038147139,,,,,,
1630201,Malachi Flynn,2020,2021,,73.0,185.0,Guard,47,927.545,19.735,,353,116,137,38,7,43,340,127,0.374,168,54,0.321,56,45,0.804,0.16470588235294117,,,,,,
1630217,Desmond Bane,2020,2021,,78.0,215.0,Guard,68,1518.965,22.337720588235292,,625,210,118,41,16,59,499,234,0.469,271,117,0.432,49,40,0.816,0.09819639278557114,,,,,,
1630177,Théo Maledon,2020,2021,,76.0,175.0,Guard,65,1777.7016666666666,27.34925641025641,,658,211,227,56,11,141,614,226,0.368,313,105,0.335,135,101,0.748,0.21986970684039087,,,,,,
1630240,Saben Lee,2020,2021,,74.0,183.0,Guard,48,780.595,16.262395833333333,,267,97,174,32,13,55,210,99,0.471,23,8,0.348,89,61,0.685,0.4238095238095238,,,,,,
1630198,Isaiah Joe,2020,2021,,76.0,165.0,Guard,41,382.8233333333333,9.337154471544714,,153,36,20,12,4,11,133,48,0.361,106,39,0.368,24,18,0.75,0.18045112781954886,,,,,,
1630595,Cade Cunningham,2021,2022,,78.0,220.0,Guard,64,2088.055,32.625859375,,1114,354,356,78,43,234,1031,429,0.416,363,114,0.314,168,142,0.845,0.1629485935984481,,,,,,
1630224,Jalen Green,2021,2022,,76.0,186.0,Guard,67,2137.7233333333334,31.9063184079602,,1157,226,176,44,18,135,954,406,0.426,458,157,0.343,236,188,0.797,0.24737945492662475,,,,,,
1630596,Evan Mobley,2021,2022,,83.0,215.0,Center,69,2331.036666666667,33.78314009661836,,1034,570,174,56,115,133,830,422,0.508,92,23,0.25,252,167,0.663,0.3036144578313253,,,,,,
1630567,Scottie Barnes,2021,2022,,80.0,237.0,Forward-Guard,74,2617.2883333333334,35.36876126126126,,1134,557,256,80,55,136,932,459,0.492,193,58,0.301,215,158,0.735,0.23068669527896996,,,,,,
1630591,Jalen Suggs,2021,2022,,77.0,205.0,Guard,48,1306.6533333333334,27.221944444444446,,564,171,209,59,19,143,548,198,0.361,196,42,0.214,163,126,0.773,0.29744525547445255,,,,,,
1630581,Josh Giddey,2021,2022,,79.0,216.0,Guard,54,1700.3516666666667,31.487993827160494,,674,421,345,51,20,171,670,281,0.419,213,56,0.263,79,56,0.709,0.11791044776119403,,,,,,
1630532,Franz Wagner,2021,2022,,82.0,220.0,Forward,79,2429.0466666666666,30.747426160337554,,1197,356,231,68,34,119,975,456,0.468,271,96,0.354,219,189,0.863,0.2246153846153846,,,,,,
1630558,Davion Mitchell,2021,2022,,72.0,202.0,Guard,75,2075.825,27.677666666666664,,861,166,313,55,24,114,843,352,0.418,320,101,0.316,85,56,0.659,0.10083036773428232,,,,,,
1630533,Ziaire Williams,2021,2022,,81.0,185.0,Forward,62,1346.4666666666667,21.71720430107527,,501,129,65,35,12,41,424,191,0.45,242,76,0.314,55,43,0.782,0.12971698113207547,,,,,,
1630547,James Bouknight,2021,2022,,76.0,190.0,Guard,31,304.4766666666667,9.821827956989248,,142,52,26,7,1,15,141,49,0.348,49,17,0.347,31,27,0.871,0.2198581560283688,,,,,,
1630537,Chris Duarte,2021,2022,,77.0,190.0,Guard,55,1540.8266666666666,28.0150303030303,,720,226,114,56,10,90,621,268,0.432,255,94,0.369,112,90,0.804,0.18035426731078905,,,,,,
1630541,Moses Moody,2021,2022,,77.0,211.0,Guard,52,607.12,11.675384615384615,,228,80,23,7,10,13,183,80,0.437,110,40,0.364,36,28,0.778,0.19672131147540983,,,,,,
1630557,Corey Kispert,2021,2022,,78.0,224.0,Forward,77,1801.0583333333334,23.390367965367965,,634,209,85,35,22,50,514,234,0.455,320,112,0.35,62,54,0.871,0.12062256809338522,,,,,,
1630578,Alperen Şengün,2021,2022,,83.0,243.0,Center,72,1489.2933333333333,20.68462962962963,,692,393,185,59,68,145,525,249,0.474,117,29,0.248,232,165,0.711,0.4419047619047619,,,,,,
1630544,Tre Mann,2021,2022,,76.0,178.0,Guard,60,1366.925,22.782083333333333,,625,171,91,47,12,71,588,231,0.393,272,98,0.36,82,65,0.793,0.13945578231292516,,,,,,
1630553,Keon Johnson,2021,2022,,77.0,185.0,Guard,37,696.2466666666667,18.81747747747748,,267,81,76,28,12,46,272,96,0.353,100,34,0.34,51,41,0.804,0.1875,,,,,,
1630543,Isaiah Jackson,2021,2022,,80.0,205.0,Forward,36,541.045,15.029027777777777,,297,149,10,25,52,40,206,116,0.563,16,5,0.313,88,60,0.682,0.42718446601941745,,,,,,
1630528,Josh Christopher,2021,2022,,76.0,215.0,Guard,74,1333.7416666666666,18.023536036036035,,587,186,150,65,13,114,500,224,0.448,189,56,0.296,113,83,0.735,0.226,,,,,,
1630538,Bones Hyland,2021,2022,,74.0,169.0,Guard,69,1309.8583333333333,18.983454106280192,,698,188,191,41,20,86,571,230,0.403,358,131,0.366,125,107,0.856,0.21891418563922943,,,,,,
1630560,Cam Thomas,2021,2022,,75.0,210.0,Guard,67,1176.06,17.553134328358208,,570,161,78,33,8,55,503,218,0.433,174,47,0.27,105,87,0.829,0.20874751491053678,,,,,,
1630549,Day'Ron Sharpe,2021,2022,,82.0,265.0,Center,32,390.67,12.2084375,,198,160,17,10,15,30,149,86,0.577,7,2,0.286,41,24,0.585,0.2751677852348993,,,,,,
1630526,Jeremiah Robinson-Earl,2021,2022,,81.0,240.0,Forward,49,1087.1083333333333,22.185884353741496,,366,274,49,29,15,39,324,134,0.414,165,58,0.352,54,40,0.741,0.16666666666666666,,,,,,
1630529,Herbert Jones,2021,2022,,79.0,206.0,Forward,78,2335.1833333333334,29.938247863247863,,742,296,167,130,60,100,576,274,0.476,169,57,0.337,163,137,0.84,0.2829861111111111,,,,,,
1630540,Miles McBride,2021,2022,,74.0,195.0,Guard,40,372.21166666666664,9.305291666666665,,89,42,41,14,1,5,108,32,0.296,68,17,0.25,12,8,0.667,0.1111111111111111,,,,,,
1630245,Ayo Dosunmu,2021,2022,,76.0,200.0,Guard,77,2109.641666666667,27.397943722943726,,679,214,256,60,29,108,535,278,0.52,186,70,0.376,78,53,0.679,0.14579439252336449,,,,,,
1630587,Isaiah Livers,2021,2022,,78.0,232.0,Forward,19,383.25666666666666,20.17140350877193,,121,57,21,13,7,15,90,41,0.456,64,27,0.422,14,12,0.857,0.15555555555555556,,,,,,
1630556,Kessler Edwards,2021,2022,,79.0,203.0,Forward,48,987.195,20.5665625,,284,172,31,29,24,42,267,110,0.412,136,48,0.353,19,16,0.842,0.07116104868913857,,,,,,
1630572,Sandro Mamukelashvili,2021,2022,,81.0,240.0,Forward-Center,41,407.00166666666667,9.926869918699188,,154,82,22,9,9,15,115,57,0.496,52,22,0.423,22,18,0.818,0.19130434782608696,,,,,,
1630598,Aaron Wiggins,2021,2022,,77.0,190.0,Guard,50,1208.75,24.175,,416,178,68,30,10,54,337,156,0.463,138,42,0.304,85,62,0.729,0.2522255192878338,,,,,,
1630579,Jericho Sims,2021,2022,,82.0,250.0,Center,41,555.0433333333333,13.537642276422764,,90,169,21,11,22,20,54,39,0.722,0,0,0.0,29,12,0.414,0.5370370370370371,,,,,,
1631094,Paolo Banchero,2022,2023,,82.0,250.0,Forward,72,2429.7233333333334,33.74615740740741,,1437,497,269,60,39,200,1122,479,0.427,285,85,0.298,534,394,0.738,0.47593582887700536,,,,,,
1631095,Jabari Smith Jr.,2022,2023,,83.0,220.0,Forward,79,2450.5466666666666,31.01957805907173,,1010,569,101,43,74,104,892,364,0.408,391,120,0.307,206,162,0.786,0.23094170403587444,,,,,,
1631099,Keegan Murray,2022,2023,,80.0,225.0,Forward,80,2381.673333333333,29.770916666666665,,976,371,98,61,42,60,782,354,0.453,501,206,0.411,81,62,0.765,0.10358056265984655,,,,,,
1631093,Jaden Ivey,2022,2023,,75.0,195.0,Guard,74,2304.3166666666666,31.139414414414414,,1204,288,387,61,17,237,983,409,0.416,350,120,0.343,356,266,0.747,0.3621566632756867,,,,,,
1631097,Bennedict Mathurin,2022,2023,,77.0,210.0,Guard-Forward,78,2222.38,28.492051282051282,,1302,318,116,48,13,152,951,413,0.434,310,100,0.323,454,376,0.828,0.4773922187171398,,,,,,
1631101,Shaedon Sharpe,2022,2023,,77.0,210.0,Guard,80,1778.6033333333332,22.232541666666666,,789,236,94,38,24,83,648,306,0.472,283,102,0.36,105,75,0.714,0.16203703703703703,,,,,,
1631110,Jeremy Sochan,2022,2023,,80.0,230.0,Forward,56,1457.7,26.030357142857145,,614,295,142,43,23,97,552,250,0.453,134,33,0.246,116,81,0.698,0.21014492753623187,,,,,,
1631098,Johnny Davis,2022,2023,,76.0,195.0,Guard,28,422.575,15.091964285714285,,163,65,28,10,8,17,171,66,0.386,70,17,0.243,27,14,0.519,0.15789473684210525,,,,,,
1631172,Ousmane Dieng,2022,2023,,81.0,185.0,Forward,39,568.71,14.582307692307694,,193,105,46,14,7,26,181,76,0.42,98,26,0.265,23,15,0.652,0.1270718232044199,,,,,,
1631114,Jalen Williams,2022,2023,,77.0,211.0,Guard-Forward,75,2275.5916666666667,30.34122222222222,,1056,337,248,103,35,123,794,414,0.521,205,73,0.356,191,155,0.812,0.24055415617128464,,,,,,
1631105,Jalen Duren,2022,2023,,82.0,250.0,Center,67,1670.145,24.927537313432836,,612,595,75,44,59,92,398,258,0.648,2,0,0.0,157,96,0.611,0.3944723618090452,,,,,,
1631109,Mark Williams,2022,2023,,85.0,240.0,Center,43,827.975,19.255232558139536,,387,304,18,28,45,40,251,160,0.637,0,0,0.0,97,67,0.691,0.38645418326693226,,,,,,
1631100,AJ Griffin,2022,2023,,78.0,220.0,Forward,72,1401.435,19.464375,,639,153,73,42,12,42,533,248,0.465,259,101,0.39,47,42,0.894,0.08818011257035648,,,,,,
1631106,Tari Eason,2022,2023,,80.0,215.0,Forward,82,1767.22,21.551463414634146,,760,496,88,96,47,101,660,296,0.448,172,59,0.343,145,109,0.752,0.2196969696969697,,,,,,
1631222,Jake LaRavia,2022,2023,,79.0,235.0,Forward,35,414.2866666666667,11.836761904761905,,105,63,21,12,4,18,95,37,0.389,71,24,0.338,9,7,0.778,0.09473684210526316,,,,,,
1631103,Malaki Branham,2022,2023,,76.0,180.0,Forward,66,1549.5966666666666,23.478737373737374,,673,181,127,33,7,76,611,269,0.44,255,77,0.302,70,58,0.829,0.11456628477905073,,,,,,
1631117,Walker Kessler,2022,2023,,86.0,245.0,Center,74,1703.2066666666667,23.01630630630631,,679,620,69,26,173,58,414,298,0.72,3,1,0.333,159,82,0.516,0.38405797101449274,,,,,,
1631223,David Roddy,2022,2023,,76.0,255.0,Forward,70,1258.5016666666668,17.978595238095238,,466,193,59,29,19,57,420,180,0.429,212,65,0.307,65,41,0.631,0.15476190476190477,,,,,,
1630699,MarJon Beauchamp,2022,2023,,79.0,199.0,Forward,52,701.3816666666667,13.488108974358974,,266,115,35,21,7,45,243,96,0.395,142,47,0.331,37,27,0.73,0.1522633744855967,,,,,,
1631104,Blake Wesley,2022,2023,,76.0,190.0,Guard,37,669.055,18.082567567567565,,184,82,98,25,5,65,215,69,0.321,52,20,0.385,44,26,0.591,0.20465116279069767,,,,,,
1629614,Andrew Nembhard,2022,2023,,76.0,191.0,Guard-Forward,75,2073.5316666666668,27.64708888888889,,709,199,341,70,13,126,644,284,0.441,263,92,0.35,62,49,0.79,0.09627329192546584,,,,,,
1631216,Caleb Houstan,2022,2023,,80.0,205.0,Guard,51,812.19,15.92529411764706,,193,99,30,12,7,18,182,66,0.363,136,46,0.338,18,15,0.833,0.0989010989010989,,,,,,
1631119,Jaylin Williams,2022,2023,,81.0,240.0,Forward,49,914.1583333333333,18.6562925170068,,288,241,76,28,12,37,234,102,0.436,113,46,0.407,54,38,0.704,0.23076923076923078,,,,,,
1631108,Max Christie,2022,2023,,77.0,190.0,Guard,41,512.425,12.498170731707315,,128,75,21,9,7,13,106,44,0.415,62,26,0.419,16,14,0.875,0.1509433962264151,,,,,,
1630702,Jaden Hardy,2022,2023,,75.0,198.0,Guard,48,708.39,14.758125,,420,89,65,17,7,46,333,146,0.438,156,63,0.404,79,65,0.823,0.23723723723723725,,,,,,
1631121,Bryce McGowens,2022,2023,,78.0,190.0,Guard,46,786.9966666666667,17.108623188405797,,246,93,54,15,6,43,202,80,0.396,80,26,0.325,80,60,0.75,0.39603960396039606,,,,,,
1641705,Victor Wembanyama,2023,2024,,88.0,235.0,Forward-Center,71,2106.235,29.665281690140848,,1522,755,274,88,254,260,1186,551,0.465,394,128,0.325,367,292,0.796,0.3094435075885329,,,,,,
1641706,Brandon Miller,2023,2024,,79.0,200.0,Forward,74,2382.963333333333,32.2022072072072,,1279,315,175,66,42,132,1083,476,0.44,493,184,0.373,173,143,0.827,0.15974145891043398,,,,,,
1630703,Scoot Henderson,2023,2024,,75.0,207.0,Guard,62,1765.3933333333334,28.47408602150538,,868,194,336,48,13,212,797,307,0.385,268,87,0.325,204,167,0.819,0.2559598494353827,,,,,,
1641708,Amen Thompson,2023,2024,,79.0,200.0,Guard-Forward,62,1388.5316666666668,22.395672043010755,,592,409,163,78,38,90,446,239,0.536,58,8,0.138,155,106,0.684,0.3475336322869955,,,,,,
1641709,Ausar Thompson,2023,2024,,79.0,205.0,Guard-Forward,63,1582.805,25.12388888888889,,556,402,120,68,59,84,480,232,0.483,113,21,0.186,119,71,0.597,0.24791666666666667,,,,,,
1641731,Bilal Coulibaly,2023,2024,,79.0,195.0,Guard,63,1715.25,27.226190476190474,,532,256,110,57,48,87,432,188,0.435,185,64,0.346,131,92,0.702,0.30324074074074076,,,,,,
1641716,Jarace Walker,2023,2024,,79.0,235.0,Forward,33,340.42333333333335,10.315858585858587,,120,63,40,15,11,17,110,45,0.409,55,22,0.4,9,8,0.889,0.08181818181818182,,,,,,
1641717,Cason Wallace,2023,2024,,75.0,195.0,Guard,82,1691.9216666666666,20.63319105691057,,561,187,120,76,37,45,442,217,0.491,234,98,0.419,37,29,0.784,0.083710407239819,,,,,,
1641726,Dereck Lively II,2023,2024,,85.0,230.0,Center,55,1294.2816666666668,23.53239393939394,,483,378,60,36,77,50,296,221,0.747,2,0,0.0,81,41,0.506,0.27364864864864863,,,,,,
1641718,Keyonte George,2023,2024,,76.0,185.0,Guard,75,2022.5766666666666,26.967688888888887,,974,211,332,36,7,188,815,319,0.391,440,147,0.334,223,189,0.848,0.27361963190184047,,,,,,
1631170,Jaime Jaquez Jr.,2023,2024,,78.0,225.0,Guard,75,2113.195,28.175933333333337,,889,285,195,77,20,110,697,341,0.489,202,65,0.322,175,142,0.811,0.25107604017216645,,,,,,
1641764,Brandin Podziemski,2023,2024,,76.0,205.0,Guard,74,1968.2533333333333,26.598018018018017,,682,427,273,61,14,88,597,271,0.454,234,90,0.385,79,50,0.633,0.1323283082077052,,,,,,
1641715,Cam Whitmore,2023,2024,,78.0,230.0,Forward,47,880.3333333333334,18.73049645390071,,579,180,33,30,17,46,467,212,0.454,220,79,0.359,112,76,0.679,0.2398286937901499,,,,,,
1641730,Noah Clowney,2023,2024,,82.0,210.0,Forward-Center,23,369.85833333333335,16.080797101449274,,133,81,18,8,16,15,93,50,0.538,33,12,0.364,30,21,0.7,0.3225806451612903,,,,,,
1631200,Kris Murray,2023,2024,,80.0,218.0,Forward,62,1348.2716666666668,21.746317204301075,,376,224,80,53,21,55,366,145,0.396,183,49,0.268,56,37,0.661,0.15300546448087432,,,,,,
1641765,Olivier-Maxence Prosper,2023,2024,,79.0,230.0,Forward,40,336.21166666666664,8.405291666666667,,121,79,22,7,4,8,104,40,0.385,45,13,0.289,41,28,0.683,0.3942307692307692,,,,,,
1631204,Marcus Sasser,2023,2024,,73.0,195.0,Guard,71,1351.11,19.029718309859152,,586,125,236,44,12,90,512,219,0.428,240,90,0.375,66,58,0.879,0.12890625,,,,,,
1641767,Ben Sheppard,2023,2024,,78.0,190.0,Guard,57,814.26,14.285263157894736,,252,89,53,33,2,15,229,90,0.393,156,49,0.314,26,23,0.885,0.11353711790393013,,,,,,
1641763,Julian Phillips,2023,2024,,78.0,198.0,Forward,40,322.55,8.06375,,89,36,13,7,7,10,77,32,0.416,38,12,0.316,19,13,0.684,0.24675324675324675,,,,,,
1641748,Andre Jackson Jr.,2023,2024,,78.0,209.0,Guard,57,572.3283333333334,10.040847953216375,,125,113,50,16,6,28,100,50,0.5,46,17,0.37,11,8,0.727,0.11,,,,,,
1641712,Rayan Rupert,2023,2024,,79.0,205.0,Guard-Forward,39,633.225,16.236538461538462,,155,92,62,12,3,31,161,54,0.335,78,28,0.359,25,19,0.76,0.15527950310559005,,,,,,
1641739,Toumani Camara,2023,2024,,79.0,230.0,Forward,70,1739.32,24.84742857142857,,527,343,87,66,33,84,438,197,0.45,172,58,0.337,99,75,0.758,0.22602739726027396,,,,,,
1631218,Trayce Jackson-Davis,2023,2024,,81.0,245.0,Forward,68,1130.4516666666666,16.624289215686275,,540,341,82,29,76,49,332,233,0.702,1,0,0.0,132,74,0.561,0.39759036144578314,,,,,,
1642258,Zaccharie Risacher,2024,2025,,80.0,200.0,Forward,75,1843.3866666666668,24.57848888888889,,942,268,92,52,37,92,779,357,0.458,344,122,0.355,149,106,0.711,0.19127086007702182,,,,,,
1642259,Alex Sarr,2024,2025,,84.0,205.0,Center,67,1814.2283333333332,27.078034825870645,,869,435,161,44,101,114,828,326,0.394,341,105,0.308,165,112,0.679,0.19927536231884058,,,,,,
1642263,Reed Sheppard,2024,2025,,74.0,185.0,Guard,52,654.3516666666667,12.583685897435897,,229,78,75,35,17,37,239,84,0.351,142,48,0.338,16,13,0.813,0.06694560669456066,,,,,,
1642264,Stephon Castle,2024,2025,,78.0,215.0,Guard,81,2162.0216666666665,26.69162551440329,,1190,297,332,74,22,177,988,423,0.428,333,95,0.285,344,249,0.724,0.3481781376518219,,,,,,
1642275,Tidjane Salaün,2024,2025,,82.0,207.0,Forward,60,1244.3533333333332,20.73922222222222,,353,280,74,29,14,58,345,114,0.33,205,58,0.283,94,67,0.713,0.27246376811594203,,,,,,
1642270,Donovan Clingan,2024,2025,,86.0,280.0,Center,67,1323.6433333333334,19.75587064676617,,436,527,77,34,110,72,334,180,0.539,49,14,0.286,104,62,0.596,0.31137724550898205,,,,,,
1641744,Zach Edey,2024,2025,,87.0,305.0,Center,66,1415.765,21.45098484848485,,610,548,65,36,85,88,433,251,0.58,52,18,0.346,127,90,0.709,0.29330254041570436,,,,,,
1641824,Matas Buzelis,2024,2025,,80.0,209.0,Forward,80,1511.295,18.8911875,,688,278,79,29,75,74,555,252,0.454,266,96,0.361,108,88,0.815,0.1945945945945946,,,,,,
1642267,Bub Carrington,2024,2025,,76.0,190.0,Guard,82,2457.79,29.973048780487805,,807,341,364,54,21,141,748,300,0.401,407,138,0.339,85,69,0.812,0.11363636363636363,,,,,,
1642276,Kel'el Ware,2024,2025,,84.0,230.0,Center,64,1422.4866666666667,22.226354166666667,,595,473,60,39,71,57,464,257,0.554,111,35,0.315,67,46,0.687,0.14439655172413793,,,,,,
1642272,Jared McCain,2024,2025,,75.0,195.0,Guard,23,591.7916666666666,25.730072463768114,,352,56,60,15,0,37,274,126,0.46,133,51,0.383,56,49,0.875,0.20437956204379562,,,,,,
1642261,Dalton Knecht,2024,2025,,78.0,215.0,Forward,78,1493.795,19.15121794871795,,706,216,66,24,8,37,557,257,0.461,340,128,0.376,84,64,0.762,0.15080789946140036,,,,,,
1641783,Tristan Da Silva,2024,2025,,80.0,217.0,Forward,74,1628.6116666666667,22.008265765765767,,533,245,113,33,18,56,483,199,0.412,239,80,0.335,63,55,0.873,0.13043478260869565,,,,,,
1642266,Ja'Kobe Walter,2024,2025,,76.0,180.0,Guard,52,1103.235,21.21605769230769,,449,160,81,43,10,50,393,159,0.405,186,65,0.349,83,66,0.795,0.21119592875318066,,,,,,
1642281,Jaylon Tyson,2024,2025,,78.0,215.0,Guard-Forward,47,452.96,9.637446808510639,,167,96,44,13,3,26,149,64,0.43,58,20,0.345,24,19,0.792,0.1610738255033557,,,,,,
1642274,Yves Missi,2024,2025,,83.0,235.0,Center,73,1955.79,26.791643835616437,,665,601,99,37,98,82,492,269,0.547,1,0,0.0,204,127,0.623,0.4146341463414634,,,,,,
1642273,Kyshawn George,2024,2025,,80.0,200.0,Forward,68,1802.1833333333334,26.502696078431374,,590,285,169,68,50,97,546,203,0.372,354,114,0.322,93,70,0.753,0.17032967032967034,,,,,,
1642346,Ryan Dunn,2024,2025,,79.0,216.0,Forward,74,1410.4166666666667,19.059684684684687,,511,267,57,44,40,40,477,205,0.43,264,82,0.311,39,19,0.487,0.08176100628930817,,,,,,
1642268,Isaiah Collier,2024,2025,,76.0,210.0,Guard,71,1839.1066666666666,25.902910798122065,,615,235,446,66,16,208,555,234,0.422,169,42,0.249,154,105,0.682,0.2774774774774775,,,,,,
1631248,Baylor Scheierman,2024,2025,,78.0,205.0,Guard,31,383.8883333333333,12.383494623655913,,113,65,33,17,2,12,110,39,0.355,82,26,0.317,12,9,0.75,0.10909090909090909,,,,,,
1642271,Kyle Filipowski,2024,2025,,83.0,250.0,Center,72,1521.54,21.1325,,690,440,140,48,22,102,518,260,0.502,220,77,0.35,143,93,0.65,0.27606177606177607,,,,,,
1642349,Ajay Mitchell,2024,2025,,76.0,190.0,Guard,36,596.955,16.582083333333333,,234,68,64,25,4,29,184,91,0.495,60,23,0.383,35,29,0.829,0.19021739130434784,,,,,,
1642377,Jaylen Wells,2024,2025,,79.0,,Forward,79,2043.4816666666666,25.866856540084388,,823,268,135,44,8,69,676,287,0.425,392,138,0.352,135,111,0.822,0.1997041420118343,,,,,,
1642345,Oso Ighodaro,2024,2025,,83.0,235.0,Forward,61,1045.545,17.140081967213117,,255,222,71,28,29,39,187,113,0.604,2,0,0.0,50,29,0.58,0.26737967914438504,,,,,,
1641737,Adem Bona,2024,2025,,82.0,235.0,Forward,58,904.55,15.595689655172412,,337,245,27,26,69,61,192,135,0.703,1,0,0.0,100,67,0.67,0.5208333333333334,,,,,,
1641796,Pelle Larsson,2024,2025,,77.0,215.0,Guard,55,781.9466666666667,14.217212121212123,,251,92,65,32,7,24,203,89,0.438,95,32,0.337,61,41,0.672,0.30049261083743845,,,,,,
1642347,Jamal Shead,2024,2025,,73.0,200.0,Guard,75,1466.825,19.557666666666666,,533,115,316,58,10,117,504,204,0.405,223,72,0.323,69,53,0.768,0.13690476190476192,,,,,,
1642366,Quinten Post,2024,2025,,84.0,238.0,Center,42,685.7566666666667,16.327539682539683,,340,148,56,16,18,33,274,123,0.449,179,73,0.408,27,21,0.778,0.09854014598540146,,,,,,
