Rk,Player,USG%,Draft Team,Round,Pick,Draft Year,College,Season,Age,Team,G,GS,AS,FG,FGA,2P,2PA,3P,3PA,FT,FTA,ORB,DRB,TRB,AST,STL,BLK,TOV,PF,PTS▼,FG%,2P%,3P%,FT%,TS%,eFG%,Pos,-9999
1,Kon Knueppel,22.3,CHA,1,4,2025,Duke,2025-26,20,CHO,34,33,0,9.8,20.4,4.5,8.2,5.3,12.3,3.7,4.1,1.4,6.0,7.5,5.1,0.9,0.3,3.5,3.4,28.5,.479,.556,.428,.885,.640,.608,G-F,knuepko01
2,Dylan Harper,25.1,SAS,1,2,2025,Rutgers,2025-26,19,SAS,25,0,0,10.2,22.8,8.7,17.2,1.5,5.6,3.9,5.4,2.0,5.2,7.2,8.3,2.4,0.4,3.5,4.5,25.8,.447,.505,.270,.721,.513,.481,G,harpedy01
3,Cooper Flagg,23.5,DAL,1,1,2025,Duke,2025-26,19,DAL,35,35,0,9.8,20.6,8.6,16.0,1.2,4.6,4.9,6.0,1.6,7.2,8.8,5.6,1.7,1.1,3.0,3.2,25.8,.476,.535,.271,.813,.554,.507,F-G,flaggco01
4,Jeremiah Fears,25.0,NOH,1,7,2025,Oklahoma,2025-26,19,NOP,36,34,0,9.7,22.2,7.9,16.9,1.7,5.4,4.4,5.6,1.3,5.0,6.4,5.6,2.1,0.3,4.1,3.2,25.5,.435,.471,.324,.788,.516,.474,G,fearsje01
5,Tre Johnson,20.7,WAS,1,6,2025,Texas,2025-26,19,WAS,26,8,0,9.0,19.5,4.7,9.4,4.3,10.1,2.3,2.6,1.0,4.9,5.9,3.2,1.1,0.8,2.9,3.2,24.5,.460,.504,.420,.882,.594,.569,G,johnstr03
6,Derik Queen,22.5,ATL,1,13,2025,Maryland,2025-26,21,NOP,35,23,0,9.3,18.5,8.9,16.7,0.4,1.8,5.5,7.0,3.0,10.0,13.0,7.5,1.9,1.7,4.3,5.9,24.4,.500,.532,.206,.774,.563,.510,F-C,queende01
7,Koby Brea,20.2,GSW,2,41,2025,Kentucky,2025-26,23,PHO,2,0,0,6.1,18.2,6.1,6.1,0.0,12.1,12.1,12.1,0.0,6.1,6.1,12.1,0.0,0.0,0.0,0.0,24.2,.333,1.000,.000,1.000,.515,.333,G,breako01
8,Cedric Coward,20.4,POR,1,11,2025,Washington State,2025-26,22,MEM,33,20,0,8.5,18.3,6.1,10.6,2.5,7.7,4.2,5.0,2.8,8.5,11.3,5.2,0.9,0.6,2.8,3.4,23.8,.466,.569,.322,.842,.579,.533,F-G,cowarce01
9,Jase Richardson,19.3,ORL,1,25,2025,Michigan State,2025-26,20,ORL,24,0,0,8.4,17.4,5.5,10.1,2.9,7.2,3.2,4.2,2.5,3.6,6.1,5.5,1.5,0.2,2.9,4.4,22.9,.484,.547,.395,.773,.596,.566,G,richaja02
10,Asa Newell,16.9,IND,1,23,2025,Georgia,2025-26,20,ATL,27,0,0,8.6,15.4,5.0,7.7,3.6,7.7,1.6,2.8,3.6,4.9,8.5,2.4,1.6,1.3,2.4,6.9,22.4,.561,.653,.469,.556,.675,.679,F,newelas01
11,VJ Edgecombe,19.8,PHI,1,3,2025,Baylor,2025-26,20,PHI,29,29,0,8.4,19.2,5.3,11.3,3.0,7.9,2.6,3.3,2.5,4.7,7.2,5.3,1.9,0.7,2.2,4.3,22.3,.436,.473,.382,.775,.540,.515,G-F,edgecvj01
12,Maxime Raynaud,18.6,SAC,2,42,2025,Stanford,2025-26,22,SAC,27,13,0,9.2,17.0,8.7,15.3,0.5,1.6,3.0,4.3,3.9,9.2,13.2,2.2,0.9,1.2,2.1,5.3,22.0,.543,.566,.333,.709,.584,.559,F,raynama01
13,Tyrese Proctor,20.4,CLE,2,49,2025,Duke,2025-26,21,CLE,26,1,0,6.9,20.0,3.1,7.4,3.8,12.6,3.1,3.8,0.8,4.8,5.6,5.7,1.3,0.0,1.8,4.3,20.6,.344,.422,.299,.826,.477,.439,G,proctty01
14,Ace Bailey,19.1,UTA,1,5,2025,Rutgers,2025-26,19,UTA,30,21,0,8.1,18.5,5.1,10.2,3.0,8.3,1.3,2.0,2.8,3.6,6.5,3.0,1.5,0.7,2.4,4.9,20.5,.438,.503,.357,.667,.529,.518,G-F,baileac01
15,Kam Jones,15.8,SAS,2,38,2025,Marquette,2025-26,23,IND,6,0,0,9.5,17.9,8.3,11.9,1.2,6.0,0.0,0.0,1.2,2.4,3.6,4.8,2.4,0.0,0.0,3.6,20.3,.533,.700,.200,,.567,.567,G,joneska03
16,Will Richard,15.1,MEM,2,56,2025,Florida,2025-26,23,GSW,31,13,0,7.2,13.8,3.9,5.5,3.3,8.4,2.6,3.3,2.7,4.2,6.9,2.8,2.5,0.2,2.0,4.9,20.2,.517,.710,.390,.805,.661,.635,G,richawi02
17,Egor Dёmin,19.8,NJN,1,8,2025,Brigham Young,2025-26,19,BRK,29,22,0,6.9,18.0,2.4,5.7,4.5,12.2,1.6,1.8,0.9,5.7,6.6,6.9,1.9,0.6,3.8,3.8,19.9,.385,.427,.366,.885,.531,.510,G,demineg01
18,Danny Wolf,20.0,NJN,1,27,2025,Michigan,2025-26,21,BRK,18,2,0,6.8,17.7,4.2,10.0,2.7,7.7,3.1,3.6,2.1,7.7,9.8,5.0,1.3,0.4,3.5,3.6,19.4,.386,.417,.345,.846,.502,.461,F-C,wolfda01
19,Mohamed Diawara,18.3,LAC,2,51,2025,,2025-26,20,NYK,27,4,0,7.5,18.0,3.4,8.5,4.1,9.5,0.3,1.4,1.7,7.1,8.8,4.7,2.7,1.4,2.7,4.7,19.3,.415,.400,.429,.250,.520,.528,F-C,diawamo01
20,Yanic Konan Niederhäuser,15.2,LAC,1,30,2025,Penn State,2025-26,22,LAC,18,0,0,7.6,11.7,7.6,11.4,0.0,0.3,3.8,6.6,5.4,7.0,12.3,1.9,0.6,2.5,2.5,7.0,19.0,.649,.667,.000,.571,.649,.649,F,konanya01
21,Walter Clayton,16.9,WAS,1,18,2025,Florida,2025-26,22,UTA,30,0,0,6.1,14.6,3.7,6.7,2.4,7.9,4.0,4.1,0.9,4.6,5.6,8.7,1.3,0.6,2.9,5.0,18.6,.419,.549,.310,.955,.568,.503,G,claytwa01
22,Will Riley,17.6,UTA,1,21,2025,Illinois,2025-26,19,WAS,27,0,0,6.7,15.9,5.3,10.5,1.4,5.5,3.1,3.9,2.8,4.3,7.1,4.8,1.4,0.6,2.4,2.5,17.9,.421,.507,.256,.786,.507,.465,F,rileywi01
23,Noah Penda,16.5,BOS,2,32,2025,,2025-26,21,ORL,21,0,0,6.6,14.3,4.3,9.0,2.4,5.3,2.1,3.6,6.8,9.2,16.0,4.9,1.3,1.3,3.0,4.5,17.7,.463,.476,.440,.588,.557,.545,G-F,pendano01
24,Rasheer Fleming,18.3,MIN,2,31,2025,Saint Joseph's,2025-26,21,PHO,19,0,0,6.5,18.8,4.3,7.6,2.2,11.2,2.5,3.3,4.7,3.6,8.3,1.1,1.8,1.8,1.1,5.4,17.7,.346,.571,.194,.778,.438,.404,F,flemira01
25,Collin Murray-Boyles,16.0,TOR,1,9,2025,South Carolina,2025-26,20,TOR,29,5,0,7.2,13.8,5.9,10.5,1.3,3.3,1.9,3.3,5.7,5.2,10.8,3.7,1.8,1.3,3.0,6.6,17.6,.523,.559,.405,.568,.578,.571,F,murraco01
26,Drake Powell,14.7,ATL,1,22,2025,North Carolina,2025-26,20,BRK,23,1,0,6.0,12.3,4.0,6.7,2.0,5.6,3.1,3.4,0.5,3.9,4.3,4.8,1.9,0.5,2.9,4.5,17.0,.486,.596,.354,.897,.616,.567,G-F,poweldr01
27,Liam McNeeley,13.9,PHO,1,29,2025,Connecticut,2025-26,20,CHO,24,0,0,5.0,12.7,1.8,4.4,3.2,8.4,3.4,4.0,1.8,7.3,9.0,3.4,0.8,0.3,1.6,5.3,16.6,.392,.407,.385,.840,.572,.519,G-F,mcneeli01
28,Ryan Kalkbrenner,10.9,CHA,2,34,2025,Creighton,2025-26,24,CHO,26,25,0,7.0,8.9,7.0,8.8,0.0,0.1,2.5,3.4,4.9,7.3,12.2,1.2,1.3,3.4,2.2,3.5,16.5,.787,.800,.000,.723,.792,.787,C,kalkbry01
29,Joan Beringer,13.8,MIN,1,17,2025,,2025-26,19,MIN,12,0,0,7.2,11.8,7.2,11.8,0.0,0.0,1.8,2.7,3.6,11.8,15.4,0.0,0.9,4.5,2.7,8.1,16.3,.615,.615,,.667,.628,.615,C,berinjo01
30,Kobe Sanders,15.3,NYK,2,50,2025,Nevada,2025-26,23,LAC,26,3,0,5.5,12.3,3.1,5.9,2.4,6.4,2.5,2.8,1.1,4.4,5.5,3.7,1.6,0.3,3.7,5.8,15.9,.447,.525,.375,.893,.587,.545,G,sandeko01
31,Chaz Lanier,13.6,DET,2,37,2025,Tennessee,2025-26,24,DET,14,0,0,4.9,14.7,0.7,1.8,4.2,13.0,1.8,1.8,2.1,2.8,4.9,3.5,1.4,0.0,0.4,1.1,15.8,.333,.400,.324,1.000,.509,.476,G,laniech01
32,Ben Saraf,19.5,NJN,1,26,2025,,2025-26,19,BRK,12,5,0,5.3,15.0,3.2,7.0,2.2,8.0,2.9,3.6,1.2,3.4,4.6,8.2,1.9,0.7,5.6,3.6,15.8,.355,.448,.273,.800,.474,.427,G,sarafbe01
33,Javon Small,17.3,MEM,2,48,2025,West Virginia,2025-26,23,MEM,11,0,0,4.6,14.2,1.9,5.0,2.7,9.2,3.1,3.8,0.8,4.2,5.0,12.3,0.4,0.4,3.8,4.2,15.0,.324,.385,.292,.800,.471,.419,G,smallja01
34,Khaman Maluach,16.4,HOU,1,10,2025,Duke,2025-26,19,PHO,16,0,0,5.2,11.6,5.2,9.0,0.0,2.6,4.5,5.2,3.2,7.1,10.3,1.3,0.6,4.5,5.2,9.0,14.9,.444,.571,.000,.875,.534,.444,C,maluakh01
35,Yang Hansen,19.4,MEM,1,16,2025,,2025-26,20,POR,19,1,0,4.7,16.2,3.7,9.3,0.9,6.9,4.0,4.4,2.8,8.1,10.9,4.4,0.3,2.5,4.7,6.9,14.3,.288,.400,.136,.929,.395,.317,C,yangha01
36,Hugo González,12.1,BOS,1,28,2025,,2025-26,19,BOS,29,1,0,5.8,11.3,4.1,6.8,1.7,4.5,0.7,1.3,2.8,7.9,10.7,2.1,2.6,0.8,2.2,6.8,14.1,.515,.603,.385,.545,.594,.593,G-F,gonzahu01
37,Nique Clifford,15.2,OKC,1,24,2025,Colorado State,2025-26,23,SAC,31,3,0,5.3,13.1,3.5,7.2,1.8,5.8,1.7,2.4,1.9,5.6,7.5,3.5,1.6,0.7,2.9,5.5,14.1,.403,.477,.310,.724,.498,.472,G,cliffni01
38,Micah Peavy,14.5,WAS,2,40,2025,Georgetown,2025-26,24,NOP,30,1,0,5.8,14.9,4.5,9.7,1.3,5.3,1.2,1.6,2.9,4.1,7.0,3.0,1.7,0.3,1.1,5.4,14.1,.388,.467,.245,.733,.450,.432,G,peavymi01
39,Carter Bryant,16.5,SAS,1,14,2025,Arizona,2025-26,20,SAS,27,0,0,5.1,16.0,2.8,7.2,2.3,8.8,1.4,1.9,2.1,7.9,9.9,1.2,0.9,0.5,2.1,5.1,13.9,.319,.387,.263,.750,.414,.391,G-F,bryanca01
40,Kasparas Jakučionis,13.4,MIA,1,20,2025,Illinois,2025-26,19,MIA,10,1,0,4.1,12.2,0.9,5.3,3.1,6.9,2.5,2.5,2.5,3.7,6.2,3.4,1.9,0.0,1.9,5.0,13.7,.333,.176,.455,1.000,.517,.462,G,jakucka01
41,Nolan Traoré,15.8,NJN,1,19,2025,,2025-26,19,BRK,12,0,0,4.8,13.2,2.8,7.3,2.0,5.9,2.0,2.5,0.3,2.5,2.8,6.5,1.7,1.1,3.7,5.1,13.5,.362,.385,.333,.778,.471,.436,G,traorno01
42,Jahmai Mashack,19.7,HOU,2,59,2025,Tennessee,2025-26,23,MEM,6,0,0,4.5,15.7,0.0,4.5,4.5,11.2,0.0,0.0,0.0,11.2,11.2,4.5,2.2,0.0,6.7,2.2,13.5,.286,.000,.400,,.429,.429,G,mashaja01
43,Taelon Peter,15.7,IND,2,54,2025,Liberty,2025-26,23,IND,21,0,0,3.9,13.3,0.4,0.8,3.5,12.5,1.6,2.3,2.3,5.1,7.4,5.5,1.2,0.8,3.5,2.7,12.9,.294,.500,.281,.667,.450,.426,G,peterta01
44,Sion James,10.6,CHA,2,33,2025,Duke,2025-26,23,CHO,35,15,0,3.8,9.5,1.8,3.7,2.1,5.8,2.5,2.9,1.0,5.3,6.3,3.2,1.2,0.7,1.5,3.3,12.3,.407,.478,.361,.855,.572,.517,G,jamessi01
45,Johni Broome,24.8,PHI,2,35,2025,Auburn,2025-26,23,PHI,7,0,0,4.8,24.1,4.8,20.5,0.0,3.6,2.4,4.8,7.2,8.4,15.6,4.8,2.4,0.0,2.4,6.0,12.0,.200,.235,.000,.500,.230,.200,F-C,broomjo01
46,Jamir Watkins,9.4,UTA,2,43,2025,Florida State,2025-26,24,WAS,14,2,0,4.1,8.2,2.6,3.2,1.5,5.0,2.3,2.3,1.5,8.5,10.0,1.8,1.2,0.9,1.5,7.6,12.0,.500,.818,.294,1.000,.650,.589,F-G,watkija01
47,Adou Thiero,12.7,NJN,2,36,2025,Arkansas,2025-26,21,LAL,15,0,0,3.9,10.0,3.9,9.5,0.0,0.6,3.3,4.5,3.9,6.1,10.0,2.8,2.8,0.6,2.2,8.3,11.1,.389,.412,.000,.750,.465,.389,G-F,thierad01
48,Brooks Barnhizer,8.9,OKC,2,44,2025,Northwestern,2025-26,23,OKC,20,0,0,3.8,8.1,3.4,6.6,0.3,1.6,1.3,1.9,1.9,9.4,11.3,2.8,0.9,0.6,0.9,3.4,9.1,.462,.524,.200,.667,.506,.481,G,barnhbr01
49,Amari Williams,4.0,ORL,2,46,2025,Kentucky,2025-26,24,BOS,6,0,0,1.6,3.2,1.6,3.2,0.0,0.0,1.6,3.2,3.2,8.1,11.3,1.6,1.6,3.2,0.0,6.5,4.8,.500,.500,,.500,.521,.500,F,william01
50,Lachlan Olbrich,9.3,LAL,2,55,2025,,2025-26,22,CHI,5,0,0,1.3,7.8,1.3,3.9,0.0,3.9,0.0,0.0,3.9,10.4,14.3,3.9,0.0,0.0,2.6,10.4,2.6,.167,.333,.000,,.167,.167,F-C,olbrila01
51,Noa Essengue,20.9,CHI,1,12,2025,,2025-26,19,CHI,2,0,0,0.0,23.4,0.0,7.8,0.0,15.6,0.0,0.0,0.0,0.0,0.0,0.0,7.8,0.0,0.0,7.8,0.0,.000,.000,.000,,.000,.000,F,essenno01
52,Alijah Martin,5.3,TOR,2,39,2025,Florida,2025-26,24,TOR,3,0,0,0.0,6.1,0.0,6.1,0.0,0.0,0.0,0.0,0.0,0.0,0.0,0.0,6.1,0.0,0.0,0.0,0.0,.000,.000,,,.000,.000,G,martial01