Rk,Player,Ht,Draft Team,Round,Pick,Draft Year,College,Season,Age,Team,G,GS,AS,MP,FG,FGA,2P,2PA,3P,3PA,FT,FTA,ORB,DRB,TRB,AST,STL,BLK,TOV,PF,PTS,FG%,2P%,3P%,FT%,TS%,eFG%,Pos,Player-additional
1,Ryan Kalkbrenner,7-1,CHA,2,34,2025,Creighton,2025-26,24,CHO,26,25,0,665,96,122,96,120,0,2,34,47,67,100,167,16,18,47,30,48,226,.787,.800,.000,.723,.792,.787,C,kalkbry01
2,Khaman Maluach,7-1,HOU,1,10,2025,Duke,2025-26,19,PHO,16,0,0,75,8,18,8,14,0,4,7,8,5,11,16,2,1,7,8,14,23,.444,.571,.000,.875,.534,.444,C,maluakh01
3,Maxime Raynaud,7-1,SAC,2,42,2025,Stanford,2025-26,22,SAC,28,14,0,641,122,224,115,202,7,22,39,55,53,125,178,30,12,15,28,71,290,.545,.569,.318,.709,.584,.560,F,raynama01
4,Yang Hansen,7-1,MEM,1,16,2025,,2025-26,20,POR,19,1,0,152,15,52,12,30,3,22,13,14,9,26,35,14,1,8,15,22,46,.288,.400,.136,.929,.395,.317,C,yangha01
5,Joan Beringer,6-11,MIN,1,17,2025,,2025-26,19,MIN,12,0,0,53,8,13,8,13,0,0,2,3,4,13,17,0,1,5,3,9,18,.615,.615,,.667,.628,.615,C,berinjo01
6,Yanic Konan Niederhäuser,6-11,LAC,1,30,2025,Penn State,2025-26,22,LAC,18,0,0,158,24,37,24,36,0,1,12,21,17,22,39,6,2,8,8,22,60,.649,.667,.000,.571,.649,.649,F,konanya01
7,Amari Williams,6-11,ORL,2,46,2025,Kentucky,2025-26,24,BOS,6,0,0,31,1,2,1,2,0,0,1,2,2,5,7,1,1,2,0,4,3,.500,.500,,.500,.521,.500,F,william01
8,Danny Wolf,6-11,NJN,1,27,2025,Michigan,2025-26,21,BRK,19,2,0,370,50,129,31,74,19,55,22,26,15,58,73,37,10,3,25,28,141,.388,.419,.345,.846,.502,.461,F-C,wolfda01
9,Johni Broome,6-10,PHI,2,35,2025,Auburn,2025-26,23,PHI,7,0,0,40,4,20,4,17,0,3,2,4,6,7,13,4,2,0,2,5,10,.200,.235,.000,.500,.230,.200,F-C,broomjo01
10,Asa Newell,6-10,IND,1,23,2025,Georgia,2025-26,20,ATL,27,0,0,299,55,98,32,49,23,49,10,18,23,31,54,15,10,8,15,44,143,.561,.653,.469,.556,.675,.679,F,newelas01
11,Ace Bailey,6-9,UTA,1,5,2025,Rutgers,2025-26,19,UTA,30,21,0,715,123,281,78,155,45,126,20,30,43,55,98,46,22,11,37,74,311,.438,.503,.357,.667,.529,.518,G-F,baileac01
12,Mohamed Diawara,6-9,LAC,2,51,2025,,2025-26,20,NYK,27,4,0,143,22,53,10,25,12,28,1,4,5,21,26,14,8,4,8,14,57,.415,.400,.429,.250,.520,.528,F-C,diawamo01
13,Cooper Flagg,6-9,DAL,1,1,2025,Duke,2025-26,19,DAL,35,35,0,1212,252,529,220,411,32,118,126,155,40,185,225,145,43,28,78,81,662,.476,.535,.271,.813,.554,.507,F-G,flaggco01
14,Rasheer Fleming,6-9,MIN,2,31,2025,Saint Joseph's,2025-26,21,PHO,19,0,0,134,18,52,12,21,6,31,7,9,13,10,23,3,5,5,3,15,49,.346,.571,.194,.778,.438,.404,F,flemira01
15,Derik Queen,6-9,ATL,1,13,2025,Maryland,2025-26,21,NOP,36,24,0,933,180,361,173,326,7,35,106,137,57,195,252,145,37,34,87,114,473,.499,.531,.200,.774,.561,.508,F-C,queende01
16,Will Riley,6-9,UTA,1,21,2025,Illinois,2025-26,19,WAS,28,0,0,353,50,117,40,78,10,39,24,30,21,33,54,35,11,4,20,18,134,.427,.513,.256,.800,.515,.470,F,rileywi01
17,Egor Dёmin,6-8,NJN,1,8,2025,Brigham Young,2025-26,19,BRK,30,23,0,732,104,266,37,86,67,180,23,26,14,85,99,103,27,9,56,57,298,.391,.430,.372,.885,.537,.517,G,demineg01
18,Noa Essengue,6-8,CHI,1,12,2025,,2025-26,19,CHI,2,0,0,6,0,3,0,1,0,2,0,0,0,0,0,0,1,0,0,1,0,.000,.000,.000,,.000,.000,F,essenno01
19,Lachlan Olbrich,6-8,LAL,2,55,2025,,2025-26,22,CHI,5,0,0,36,1,6,1,3,0,3,0,0,3,8,11,3,0,0,2,8,2,.167,.333,.000,,.167,.167,F-C,olbrila01
20,Kobe Sanders,6-8,NYK,2,50,2025,Nevada,2025-26,23,LAC,26,3,0,499,55,123,31,59,24,64,25,28,11,44,55,37,16,3,37,58,159,.447,.525,.375,.893,.587,.545,G,sandeko01
21,Liam McNeeley,6-7,PHO,1,29,2025,Connecticut,2025-26,20,CHO,24,0,0,301,31,79,11,27,20,52,21,25,11,45,56,21,5,2,10,33,103,.392,.407,.385,.840,.572,.519,G-F,mcneeli01
22,Collin Murray-Boyles,6-7,TOR,1,9,2025,South Carolina,2025-26,20,TOR,29,5,0,545,81,155,66,118,15,37,21,37,64,58,122,42,20,15,34,74,198,.523,.559,.405,.568,.578,.571,F,murraco01
23,Micah Peavy,6-7,WAS,2,40,2025,Georgetown,2025-26,24,NOP,31,1,0,460,56,144,44,95,12,49,11,15,27,39,66,29,17,3,10,50,135,.389,.463,.245,.733,.448,.431,G,peavymi01
24,Noah Penda,6-7,BOS,2,32,2025,,2025-26,21,ORL,21,0,0,224,31,67,20,42,11,25,10,17,32,43,75,23,6,6,14,21,83,.463,.476,.440,.588,.557,.545,G-F,pendano01
25,Adou Thiero,6-7,NJN,2,36,2025,Arkansas,2025-26,21,LAL,15,0,0,87,7,18,7,17,0,1,6,8,7,11,18,5,5,1,4,15,20,.389,.412,.000,.750,.465,.389,G-F,thierad01
26,Carter Bryant,6-6,SAS,1,14,2025,Arizona,2025-26,20,SAS,27,0,0,207,22,69,12,31,10,38,6,8,9,34,43,5,4,2,9,22,60,.319,.387,.263,.750,.414,.391,G-F,bryanca01
27,Hugo González,6-6,BOS,1,28,2025,,2025-26,19,BOS,29,1,0,430,50,97,35,58,15,39,6,11,24,68,92,18,22,7,19,58,121,.515,.603,.385,.545,.594,.593,G-F,gonzahu01
28,Kon Knueppel,6-6,CHA,1,4,2025,Duke,2025-26,20,CHO,34,33,0,1126,227,474,105,189,122,285,85,96,33,140,173,119,22,7,81,78,661,.479,.556,.428,.885,.640,.608,G-F,knuepko01
29,Ben Saraf,6-6,NJN,1,26,2025,,2025-26,19,BRK,12,5,0,203,22,62,13,29,9,33,12,15,5,14,19,34,8,3,23,15,65,.355,.448,.273,.800,.474,.427,G,sarafbe01
30,Jamir Watkins,6-6,UTA,2,43,2025,Florida State,2025-26,24,WAS,14,2,0,162,14,28,9,11,5,17,8,8,5,29,34,6,4,3,5,26,41,.500,.818,.294,1.000,.650,.589,F-G,watkija01
31,Brooks Barnhizer,6-5,OKC,2,44,2025,Northwestern,2025-26,23,OKC,20,0,0,153,12,26,11,21,1,5,4,6,6,30,36,9,3,2,3,11,29,.462,.524,.200,.667,.506,.481,G,barnhbr01
32,Koby Brea,6-5,GSW,2,41,2025,Kentucky,2025-26,23,PHO,2,0,0,8,1,3,1,1,0,2,2,2,0,1,1,2,0,0,0,0,4,.333,1.000,.000,1.000,.515,.333,G,breako01
33,Nique Clifford,6-5,OKC,1,24,2025,Colorado State,2025-26,23,SAC,32,3,0,598,67,164,45,92,22,72,22,31,23,70,93,44,21,8,35,68,178,.409,.489,.306,.710,.501,.476,G,cliffni01
34,Cedric Coward,6-5,POR,1,11,2025,Washington State,2025-26,22,MEM,34,21,0,908,168,357,119,208,49,149,82,97,55,168,223,100,19,11,54,66,467,.471,.572,.329,.845,.584,.539,F-G,cowarce01
35,Dylan Harper,6-5,SAS,1,2,2025,Rutgers,2025-26,19,SAS,25,0,0,540,115,257,98,194,17,63,44,61,22,59,81,94,27,4,39,51,291,.447,.505,.270,.721,.513,.481,G,harpedy01
36,Kasparas Jakučionis,6-5,MIA,1,20,2025,Illinois,2025-26,19,MIA,11,1,0,164,14,43,3,19,11,24,8,8,8,13,21,12,8,0,6,17,47,.326,.158,.458,1.000,.505,.453,G,jakucka01
37,Sion James,6-5,CHA,2,33,2025,Duke,2025-26,23,CHO,35,15,0,909,72,177,33,69,39,108,47,55,19,99,118,60,23,14,29,61,230,.407,.478,.361,.855,.572,.517,G,jamessi01
38,Tre Johnson,6-5,WAS,1,6,2025,Texas,2025-26,19,WAS,27,9,0,642,119,263,63,127,56,136,36,40,13,66,79,45,15,10,40,44,330,.452,.496,.412,.900,.588,.559,G,johnstr03
39,Drake Powell,6-5,ATL,1,22,2025,North Carolina,2025-26,20,BRK,24,1,0,437,52,108,34,58,18,50,28,31,4,33,37,42,16,4,25,39,150,.481,.586,.360,.903,.617,.565,G-F,poweldr01
40,Walter Clayton,6-4,WAS,1,18,2025,Florida,2025-26,22,UTA,30,0,0,501,65,155,39,71,26,84,42,44,10,49,59,92,14,6,31,53,198,.419,.549,.310,.955,.568,.503,G,claytwa01
41,VJ Edgecombe,6-4,PHI,1,3,2025,Baylor,2025-26,20,PHI,29,29,0,1031,179,411,114,241,65,170,55,71,54,100,154,113,41,15,47,93,478,.436,.473,.382,.775,.540,.515,G-F,edgecvj01
42,Kam Jones,6-4,SAS,2,38,2025,Marquette,2025-26,23,IND,7,0,0,46,8,15,7,10,1,5,0,0,1,2,3,4,2,0,0,3,17,.533,.700,.200,,.567,.567,G,joneska03
43,Jahmai Mashack,6-4,HOU,2,59,2025,Tennessee,2025-26,23,MEM,6,0,0,21,2,7,0,2,2,5,0,0,0,5,5,2,1,0,3,1,6,.286,.000,.400,,.429,.429,G,mashaja01
44,Tyrese Proctor,6-4,CLE,2,49,2025,Duke,2025-26,21,CLE,26,1,0,289,42,122,19,45,23,77,19,23,5,29,34,35,8,0,11,26,126,.344,.422,.299,.826,.477,.439,G,proctty01
45,Jeremiah Fears,6-3,NOH,1,7,2025,Oklahoma,2025-26,19,NOP,37,35,0,990,203,461,164,347,39,114,90,115,27,104,131,115,44,8,87,67,535,.440,.473,.342,.783,.523,.483,G,fearsje01
46,Chaz Lanier,6-3,DET,2,37,2025,Tennessee,2025-26,24,DET,14,0,0,136,14,42,2,5,12,37,5,5,6,8,14,10,4,0,1,3,45,.333,.400,.324,1.000,.509,.476,G,laniech01
47,Taelon Peter,6-3,IND,2,54,2025,Liberty,2025-26,23,IND,21,0,0,122,10,34,1,2,9,32,4,6,6,13,19,14,3,2,9,7,33,.294,.500,.281,.667,.450,.426,G,peterta01
48,Will Richard,6-3,MEM,2,56,2025,Florida,2025-26,23,GSW,31,13,0,605,90,174,49,69,41,105,33,41,34,53,87,35,32,2,25,62,254,.517,.710,.390,.805,.661,.635,G,richawi02
49,Nolan Traoré,6-3,NJN,1,19,2025,,2025-26,19,BRK,13,0,0,193,19,57,11,29,8,28,7,9,1,12,13,27,6,4,15,18,53,.333,.379,.286,.778,.435,.404,G,traorno01
50,Alijah Martin,6-2,TOR,2,39,2025,Florida,2025-26,24,TOR,3,0,0,8,0,1,0,1,0,0,0,0,0,0,0,0,1,0,0,0,0,.000,.000,,,.000,.000,G,martial01
51,Jase Richardson,6-1,ORL,1,25,2025,Michigan State,2025-26,20,ORL,25,0,0,278,49,100,32,57,17,43,17,23,13,20,33,33,8,1,15,26,132,.490,.561,.395,.739,.599,.575,G,richaja02
52,Javon Small,6-1,MEM,2,48,2025,West Virginia,2025-26,23,MEM,12,0,0,139,14,42,7,17,7,25,11,13,3,13,16,37,2,1,11,11,46,.333,.412,.280,.846,.482,.417,G,smallja01
